last_name, first_name,player_id,year,r_total_caught_stealing,r_total_stolen_base,r_caught_stealing_2b,r_caught_stealing_3b,r_caught_stealing_home,r_pickoff_1b,r_pickoff_2b,r_pickoff_3b,r_stolen_base_2b,r_stolen_base_3b,r_stolen_base_home,r_total_pickoff,n_bolts,hp_to_1b,sprint_speed,
Beltre, Adrian,134181,2018,0,1,0,0,0,0,0,0,0,1,0,0,,4.75,24.8,
Suzuki, Ichiro,400085,2018,0,0,0,0,0,0,0,0,0,0,0,0,,4.1,27.4,
Martinez, Victor,400121,2018,0,0,0,0,0,0,0,0,0,0,0,0,,4.87,23.2,
Utley, Chase,400284,2018,1,3,1,0,0,0,0,0,3,0,0,0,,4.27,27.2,
Pujols, Albert,405395,2018,0,1,0,0,0,0,0,0,0,1,0,0,,5.01,22.2,
Holliday, Matt,407812,2018,0,0,0,0,0,0,0,0,0,0,0,0,,,25.2,
Mauer, Joe,408045,2018,1,0,1,0,0,0,0,0,0,0,0,0,,4.57,26.0,
Cabrera, Miguel,408234,2018,0,0,0,0,0,0,0,0,0,0,0,0,,4.93,23.9,
Gonzalez, Adrian,408236,2018,0,0,0,0,0,0,0,0,0,0,0,0,,4.76,24.3,
Phillips, Brandon,408252,2018,0,0,0,0,0,0,0,0,0,0,0,0,,,25.8,
Reyes, Jose,408314,2018,2,5,1,1,0,1,0,0,3,2,0,1,1,4.17,27.5,
Mathis, Jeff,425772,2018,0,0,0,0,0,0,0,0,0,0,0,0,,4.64,25.7,
Choo, Shin-Soo,425783,2018,1,6,1,0,0,0,0,0,5,1,0,0,1,4.43,26.0,
Rivera, Rene,425784,2018,0,0,0,0,0,0,0,0,0,0,0,0,,,24.4,
Wainwright, Adam,425794,2018,0,0,0,0,0,0,0,0,0,0,0,0,,,,
Greinke, Zack,425844,2018,0,3,0,0,0,0,0,0,2,1,0,0,,,23.2,
Molina, Yadier,425877,2018,3,4,2,1,0,1,0,0,3,1,0,1,,4.91,22.8,
Cano, Robinson,429664,2018,0,0,0,0,0,0,0,0,0,0,0,0,,4.59,24.4,
Encarnacion, Edwin,429665,2018,0,3,0,0,0,0,0,0,3,0,0,0,,4.85,24.3,
Bautista, Jose,430832,2018,3,4,2,1,0,1,1,0,4,0,0,2,,4.74,25.5,
Hamels, Cole,430935,2018,0,0,0,0,0,0,0,0,0,0,0,0,,,23.2,
Jones, Adam,430945,2018,1,7,1,0,0,0,0,0,6,1,0,0,,4.53,26.7,
Martin, Russell,431145,2018,3,0,3,0,0,0,0,0,0,0,0,0,,4.76,25.5,
Granderson, Curtis,434158,2018,1,2,1,0,0,0,0,0,2,0,0,0,,4.31,26.8,
Davis, Rajai,434658,2018,7,21,6,1,0,2,1,0,16,5,0,3,20,4.08,29.2,
Ramirez, Hanley,434670,2018,1,4,1,0,0,0,0,0,3,1,0,0,,4.68,25.7,
Sanchez, Anibal,434671,2018,0,0,0,0,0,0,0,0,0,0,0,0,,,,
Morales, Kendrys,434778,2018,3,2,3,0,0,0,0,0,2,0,0,0,,4.96,23.4,
Kendrick III, Howie,435062,2018,1,1,1,0,0,1,0,0,1,0,0,1,,4.53,26.3,
Wilson, Bobby,435064,2018,0,0,0,0,0,0,0,0,0,0,0,0,,4.86,23.8,
Kinsler, Ian,435079,2018,7,16,6,1,0,2,0,0,13,3,0,2,,4.54,26.6,
McCarthy, Brandon,435221,2018,0,0,0,0,0,0,0,0,0,0,0,0,,,23.1,
McCann, Brian,435263,2018,1,0,1,0,0,0,0,0,0,0,0,0,,4.98,22.7,
Walker, Neil,435522,2018,0,0,0,0,0,0,0,0,0,0,0,0,,4.44,26.6,
Suzuki, Kurt,435559,2018,0,0,0,0,0,0,0,0,0,0,0,0,,4.66,25.6,
Desmond, Ian,435622,2018,6,20,6,0,0,3,1,0,19,1,0,4,2,4.36,28.1,
Cruz Jr., Nelson,443558,2018,0,1,0,0,0,0,0,0,1,0,0,0,,4.73,24.9,
Trumbo, Mark,444432,2018,0,0,0,0,0,0,0,0,0,0,0,0,,4.66,26.2,
Peralta, David,444482,2018,0,4,0,0,0,1,0,0,4,0,0,1,,4.35,27.3,
Pina, Manny,444489,2018,0,2,0,0,0,0,0,0,2,0,0,0,,4.72,25.0,
Escobar, Alcides,444876,2018,2,8,1,0,1,0,0,1,8,0,0,1,,4.33,27.6,
Jay, Jon,445055,2018,3,4,2,1,0,0,0,0,4,0,0,0,,4.51,26.0,
Prado, Martin,445988,2018,1,1,1,0,0,0,0,0,1,0,0,0,,4.6,25.9,
Moore, Adam,446192,2018,0,0,0,0,0,0,0,0,0,0,0,0,,,25.1,
Duda, Lucas,446263,2018,0,1,0,0,0,0,0,0,1,0,0,0,,4.75,24.8,
Wieters, Matt,446308,2018,1,0,1,0,0,0,0,0,0,0,0,0,,4.7,24.3,
Longoria, Evan,446334,2018,1,3,1,0,0,1,0,0,3,0,0,1,,4.47,26.9,
Cozart, Zack,446359,2018,0,0,0,0,0,0,0,0,0,0,0,0,,4.45,26.7,
Guyer, Brandon,446386,2018,1,1,1,0,0,0,0,0,1,0,0,0,,4.35,28.0,
Rodriguez, Sean,446481,2018,0,1,0,0,0,0,0,0,1,0,0,0,,4.58,26.7,
Lobaton, Jose,446653,2018,0,0,0,0,0,0,0,0,0,0,0,0,,,24.6,
Hill, Rich,448179,2018,0,0,0,0,0,0,0,0,0,0,0,0,,,24.8,
Reynolds, Mark,448602,2018,0,0,0,0,0,0,0,0,0,0,0,0,,4.82,24.4,
Davis, Chris,448801,2018,0,2,0,0,0,0,0,0,2,0,0,0,,4.65,25.5,
Guerra, Junior,448855,2018,0,0,0,0,0,0,0,0,0,0,0,0,,,23.9,
Orlando, Paulo,449181,2018,0,0,0,0,0,0,0,0,0,0,0,0,5,4.28,29.2,
Vargas, Jason,450306,2018,0,0,0,0,0,0,0,0,0,0,0,0,,,,
Zobrist, Ben,450314,2018,4,3,4,0,0,1,0,0,3,0,0,1,,4.37,26.7,
Adduci, James,451192,2018,0,1,0,0,0,0,0,0,1,0,0,0,3,4.15,28.7,
Fowler, Dexter,451594,2018,2,5,2,0,0,0,0,0,5,0,0,0,1,4.33,27.4,
Flowers, Tyler,452095,2018,0,0,0,0,0,0,0,0,0,0,0,0,,4.57,25.2,
Headley, Chase,452104,2018,0,0,0,0,0,0,0,0,0,0,0,0,,,25.7,
Pence, Hunter,452254,2018,1,5,1,0,0,0,0,0,4,1,0,0,,4.22,28.2,
Span, Denard,452655,2018,4,9,4,0,0,2,0,0,8,1,0,2,,4.34,27.7,
Lester, Jon,452657,2018,0,0,0,0,0,0,0,0,0,0,0,0,,,,
Cabrera, Asdrubal,452678,2018,0,0,0,0,0,1,0,0,0,0,0,1,,4.63,25.4,
Robinson, Shane,453203,2018,0,1,0,0,0,0,0,0,1,0,0,0,1,4.2,28.7,
Scherzer, Max,453286,2018,0,1,0,0,0,1,0,0,1,0,0,1,,4.66,25.3,
Buchholz, Clay,453329,2018,0,0,0,0,0,0,0,0,0,0,0,0,,,22.9,
Richard, Clayton,453385,2018,0,0,0,0,0,0,0,0,0,0,0,0,,,21.4,
Arrieta, Jake,453562,2018,0,0,0,0,0,0,0,0,0,0,0,0,,,23.9,
Blackmon, Charlie,453568,2018,4,12,4,0,0,1,0,0,11,1,0,1,4,4.27,27.6,
Blanco, Gregor,453923,2018,2,6,2,0,0,2,0,0,6,0,0,2,3,4.13,28.5,
Frazier, Todd,453943,2018,4,9,4,0,0,0,1,0,9,0,0,1,,4.59,25.7,
Ellis, A.J.,454560,2018,0,0,0,0,0,0,0,0,0,0,0,0,,4.93,24.1,
Iannetta, Chris,455104,2018,0,0,0,0,0,0,0,0,0,0,0,0,,4.79,25.3,
Maldonado, Martin,455117,2018,1,0,0,1,0,0,1,0,0,0,0,1,,4.89,24.0,
Chirinos, Robinson,455139,2018,0,2,0,0,0,0,1,0,2,0,0,1,,4.81,25.3,
Stewart, Chris,455755,2018,0,0,0,0,0,0,0,0,0,0,0,0,,,23.5,
Young, Chris,455759,2018,0,2,0,0,0,0,0,0,2,0,0,0,,4.46,27.3,
Markakis, Nick,455976,2018,1,1,1,0,0,0,0,0,1,0,0,0,,4.41,26.4,
Pedroia, Dustin,456030,2018,0,0,0,0,0,0,0,0,0,0,0,0,,,,
Castillo, Welington,456078,2018,0,1,0,0,0,0,0,0,1,0,0,0,,4.97,23.7,
Kratz, Erik,456124,2018,0,1,0,0,0,0,0,0,1,0,0,0,,4.78,24.7,
Nunez, Eduardo,456488,2018,2,7,2,0,0,1,0,0,7,0,0,1,10,4.24,27.5,
Cueto, Johnny,456501,2018,0,0,0,0,0,0,0,0,0,0,0,0,,,,
Pearce, Steve,456665,2018,0,0,0,0,0,0,0,0,0,0,0,0,,4.54,26.2,
Bailey, Homer,456701,2018,0,0,0,0,0,0,0,0,0,0,0,0,,,21.8,
Cain, Lorenzo,456715,2018,7,30,6,1,0,6,0,0,24,6,0,6,18,4.18,28.6,
McCutchen, Andrew,457705,2018,9,14,8,1,0,3,0,0,13,1,0,3,13,4.32,28.7,
Jackson, Austin,457706,2018,3,3,3,0,0,1,0,0,3,0,0,1,,4.51,27.5,
Upton, Justin,457708,2018,2,8,2,0,0,0,0,0,8,0,0,0,2,4.37,27.9,
Maybin, Cameron,457727,2018,5,10,5,0,0,2,0,0,8,2,0,2,5,4.24,28.6,
Turner, Justin,457759,2018,1,2,1,0,0,0,0,1,1,1,0,1,,4.62,26.6,
Posey III, Buster,457763,2018,2,3,2,0,0,0,0,0,2,1,0,0,,4.7,24.7,
Bruce, Jay,457803,2018,3,2,2,1,0,0,0,0,2,0,0,0,,4.52,25.5,
Votto, Joey,458015,2018,0,2,0,0,0,2,0,0,2,0,0,2,,4.72,25.3,
Rasmus, Colby,458675,2018,0,0,0,0,0,0,0,0,0,0,0,0,,,25.9,
Gardner, Brett,458731,2018,2,16,2,0,0,1,0,0,15,1,0,1,34,4.02,29.2,
Young Jr., Eric,458913,2018,1,5,1,0,0,0,0,0,5,0,0,0,12,4.26,29.0,
Joyce, Matt,459964,2018,2,0,2,0,0,0,0,1,0,0,0,1,,4.58,26.1,
Hundley, Nick,460026,2018,1,2,1,0,0,0,1,0,2,0,0,1,,4.66,25.6,
Pennington, Cliff,460060,2018,0,0,0,0,0,0,0,0,0,0,0,0,,,26.2,
Braun, Ryan,460075,2018,5,11,3,2,0,1,1,0,10,1,0,2,,4.42,26.8,
Butera, Drew,460077,2018,0,0,0,0,0,0,0,0,0,0,0,0,,4.7,24.9,
Gordon, Alex,460086,2018,3,12,1,1,1,1,0,0,9,3,0,1,,4.58,25.5,
Gimenez, Chris,460269,2018,0,1,0,0,0,0,0,0,1,0,0,0,,4.69,25.5,
Gomez, Carlos,460576,2018,3,12,2,1,0,0,0,0,11,1,0,0,1,4.43,28.0,
Kemp, Matt,461314,2018,0,0,0,0,0,0,0,0,0,0,0,0,,4.53,26.3,
Gonzalez, Gio,461829,2018,0,0,0,0,0,0,0,0,0,0,0,0,,,,
Plouffe, Trevor,461858,2018,0,0,0,0,0,0,0,0,0,0,0,0,,,,
Romine, Andrew,461865,2018,0,1,0,0,0,0,0,0,1,0,0,0,,4.46,27.3,
Andrus, Elvis,462101,2018,3,5,2,1,0,1,1,0,5,0,0,2,,4.38,27.0,
Petit, Gregorio,463610,2018,1,3,1,0,0,0,0,0,3,0,0,0,,4.38,26.4,
Cervelli, Francisco,465041,2018,3,2,3,0,0,0,0,0,2,0,0,0,,4.54,25.8,
Florimon, Pedro,465753,2018,2,1,2,0,0,0,0,0,1,0,0,0,1,,28.2,
Cabrera, Melky,466320,2018,1,1,1,0,0,0,0,0,1,0,0,0,,4.44,26.0,
Sandoval, Pablo,467055,2018,0,0,0,0,0,0,0,0,0,0,0,0,,4.56,25.0,
Ramos, Wilson,467092,2018,0,0,0,0,0,0,0,0,0,0,0,0,,4.93,22.6,
Nova, Ivan,467100,2018,0,0,0,0,0,0,0,0,0,0,0,0,,,,
Santana, Carlos,467793,2018,1,2,1,0,0,0,0,0,1,0,1,0,,4.49,26.0,
Parra, Gerardo,467827,2018,4,11,4,0,0,1,0,0,10,1,0,1,,4.31,26.5,
Chacin, Jhoulys,468504,2018,0,0,0,0,0,0,0,0,0,0,0,0,,,23.9,
Montero, Miguel,471083,2018,0,0,0,0,0,0,0,0,0,0,0,0,,,,
Gonzalez, Carlos,471865,2018,2,5,2,0,0,0,0,0,5,0,0,0,,4.26,27.5,
Valbuena, Luis,472528,2018,0,3,0,0,0,0,0,0,3,0,0,0,,4.74,24.0,
Mercer, Jordy,474568,2018,0,2,0,0,0,0,0,0,2,0,0,0,,4.35,27.6,
Belt, Brandon,474832,2018,0,4,0,0,0,0,0,0,4,0,0,0,,4.47,25.9,
Ross, Tyson,475115,2018,0,1,0,0,0,0,0,0,1,0,0,0,,,24.1,
Alonso, Yonder,475174,2018,0,0,0,0,0,0,0,0,0,0,0,0,,4.95,23.3,
Flaherty, Ryan,475247,2018,2,4,2,0,0,0,0,0,4,0,0,0,,4.42,26.6,
Smoak, Justin,475253,2018,1,0,1,0,0,0,0,0,0,0,0,0,,4.91,23.8,
Zimmerman, Ryan,475582,2018,1,1,1,0,0,0,0,0,0,1,0,0,,4.44,26.8,
Hellickson, Jeremy,476451,2018,0,0,0,0,0,0,0,0,0,0,0,0,,,22.7,
Lowrie, Jed,476704,2018,0,0,0,0,0,0,0,0,0,0,0,0,,4.45,26.6,
Alvarez, Pedro,476883,2018,0,0,0,0,0,0,0,0,0,0,0,0,,4.54,26.1,
Kershaw, Clayton,477132,2018,0,0,0,0,0,0,0,0,0,0,0,0,,4.69,24.6,
Avila, Alex,488671,2018,0,0,0,0,0,0,0,0,0,0,0,0,,4.94,23.7,
Barnes, Brandon,488681,2018,0,0,0,0,0,0,0,0,0,0,0,0,,,26.1,
Bourjos, Peter,488721,2018,0,0,0,0,0,0,0,0,0,0,0,0,5,4.15,29.2,
Brantley Jr., Michael,488726,2018,3,12,2,1,0,0,0,0,11,1,0,0,,4.61,26.0,
Castro, Jason,488771,2018,0,0,0,0,0,0,0,0,0,0,0,0,,,26.0,
Cruz, Tony,488810,2018,0,0,0,0,0,0,0,0,0,0,0,0,,,26.1,
d'Arnaud, Chase,488818,2018,1,2,1,0,0,1,0,0,1,1,0,1,,4.26,28.1,
Miley, Wade,489119,2018,0,0,0,0,0,0,0,0,0,0,0,0,,,24.4,
Morrison, Logan,489149,2018,0,1,0,0,0,0,1,0,1,0,0,1,,4.56,26.4,
Rosales, Adam,489267,2018,0,0,0,0,0,0,0,0,0,0,0,0,,,27.8,
Hernandez, Gorkys,491676,2018,5,8,4,1,0,0,1,0,7,1,0,1,5,4.29,28.5,
Sucre, Jesus,491696,2018,0,1,0,0,0,0,0,0,1,0,0,0,,5.1,22.8,
Cespedes, Yoenis,493316,2018,0,3,0,0,0,0,0,0,2,1,0,0,,4.41,27.4,
Gurriel, Yuli,493329,2018,1,5,0,1,0,0,0,0,5,0,0,0,1,4.32,27.6,
Beckham, Gordon,493596,2018,0,1,0,0,0,0,0,0,1,0,0,0,,,26.3,
Rodriguez, Ronny,500135,2018,0,2,0,0,0,0,0,0,2,0,0,0,,4.25,28.0,
Solarte, Yangervis,500208,2018,3,1,2,0,1,0,0,0,1,0,0,0,,4.75,24.7,
Rojas, Miguel,500743,2018,3,6,3,0,0,2,0,0,4,2,0,2,,4.47,26.5,
Quintana, Jose,500779,2018,0,0,0,0,0,0,0,0,0,0,0,0,,,23.3,
Escobar, Eduardo,500871,2018,4,2,3,0,1,0,0,1,2,0,0,1,1,4.27,27.9,
Martinez, Jose,500874,2018,3,0,2,0,1,0,0,1,0,0,0,1,2,4.51,26.5,
Sierra, Moises,501213,2018,1,1,1,0,0,1,0,0,1,0,0,1,,4.37,27.0,
Adrianza, Ehire,501303,2018,1,5,1,0,0,1,1,0,5,0,0,2,,4.35,26.9,
Lagares, Juan,501571,2018,1,3,1,0,0,0,0,0,2,1,0,0,2,4.31,28.7,
Almonte, Abraham,501659,2018,2,2,2,0,0,1,0,0,2,0,0,1,,4.3,28.2,
Freese, David,501896,2018,0,0,0,0,0,0,0,0,0,0,0,0,,4.4,26.4,
Davis, Khris,501981,2018,0,0,0,0,0,0,0,0,0,0,0,0,,4.78,26.1,
Archer, Chris,502042,2018,0,0,0,0,0,0,0,0,0,0,0,0,,,22.2,
Pham, Tommy,502054,2018,7,15,7,0,0,5,0,1,14,1,0,6,5,4.42,28.7,
Chisenhall, Lonnie,502082,2018,0,1,0,0,0,0,0,0,1,0,0,0,,,26.6,
Martinez, J.D.,502110,2018,1,6,1,0,0,0,0,0,6,0,0,0,,4.45,26.7,
Negron, Kristopher,502117,2018,0,2,0,0,0,0,0,0,2,0,0,0,4,,29.5,
Valencia, Danny,502143,2018,1,1,1,0,0,1,0,0,1,0,0,1,,4.55,26.5,
Samardzija, Jeff,502188,2018,0,0,0,0,0,0,0,0,0,0,0,0,,,,
Reddick, Josh,502210,2018,2,7,2,0,0,1,0,1,4,3,0,2,,4.24,27.7,
Gentry, Craig,502226,2018,3,12,2,1,0,0,0,0,12,0,0,0,5,4.22,29.0,
Dyson, Jarrod,502481,2018,3,16,3,0,0,1,0,0,11,5,0,1,23,4.06,29.0,
Murphy, Daniel,502517,2018,0,3,0,0,0,0,0,0,3,0,0,0,,4.58,25.5,
Anderson, Chase,502624,2018,0,0,0,0,0,0,0,0,0,0,0,0,,,25.8,
Goldschmidt, Paul,502671,2018,4,7,4,0,0,1,0,0,7,0,0,1,,4.47,26.8,
Holland, Derek,502706,2018,0,0,0,0,0,0,0,0,0,0,0,0,,,26.9,
Gonzalez, Marwin,503556,2018,3,2,3,0,0,0,0,0,2,0,0,0,,4.4,26.4,
Darvish, Yu,506433,2018,0,0,0,0,0,0,0,0,0,0,0,0,,,,
Leon, Sandy,506702,2018,0,1,0,0,0,0,0,0,1,0,0,0,,4.72,23.9,
Sanchez, Adrian,506703,2018,0,0,0,0,0,0,0,0,0,0,0,0,,4.62,26.0,
Pena, Francisco,506747,2018,0,1,0,0,0,0,0,0,1,0,0,0,,4.92,23.1,
Altuve, Jose,514888,2018,4,17,4,0,0,2,0,0,14,3,0,2,52,4.13,28.1,
Hernandez, Cesar,514917,2018,6,19,5,1,0,1,0,0,18,0,1,1,69,4.13,29.2,
Segura, Jean,516416,2018,11,20,10,1,0,2,1,0,18,2,0,3,8,4.21,27.9,
Arcia, Francisco,516472,2018,0,1,0,0,0,0,0,0,0,0,1,0,,4.8,24.6,
Castro, Starlin,516770,2018,4,6,4,0,0,0,1,0,5,1,0,1,2,4.37,27.4,
Marte, Starling,516782,2018,14,33,13,1,0,3,0,0,29,4,0,3,45,4.13,28.6,
Pirela, Jose,517369,2018,3,6,3,0,0,1,1,0,5,1,0,2,4,4.28,28.6,
Bettis, Chad,518452,2018,0,0,0,0,0,0,0,0,0,0,0,0,,,24.6,
Blash, Jabari,518466,2018,1,2,1,0,0,0,0,0,2,0,0,0,,,27.2,
Bumgarner, Madison,518516,2018,0,0,0,0,0,0,0,0,0,0,0,0,,,20.6,
Centeno, Juan,518542,2018,0,0,0,0,0,0,0,0,0,0,0,0,,,24.9,
Culberson, Charlie,518586,2018,2,4,2,0,0,0,0,0,3,1,0,0,1,4.19,28.4,
d'Arnaud, Travis,518595,2018,0,0,0,0,0,0,0,0,0,0,0,0,,,,
Descalso, Daniel,518614,2018,1,0,1,0,0,0,0,0,0,0,0,0,,4.37,26.8,
Dietrich, Derek,518618,2018,0,2,0,0,0,0,0,0,2,0,0,0,,4.32,26.8,
Donaldson, Josh,518626,2018,0,2,0,0,0,0,0,0,2,0,0,0,,4.72,25.2,
Freeman, Freddie,518692,2018,3,10,3,0,0,1,0,0,10,0,0,1,,4.43,26.7,
Grandal, Yasmani,518735,2018,1,2,1,0,0,1,0,0,2,0,0,1,,4.88,24.5,
Harvey, Matt,518774,2018,0,0,0,0,0,0,0,0,0,0,0,0,,,21.8,
Heyward, Jason,518792,2018,1,1,1,0,0,0,0,0,1,0,0,0,,4.33,27.6,
Kozma, Pete,518902,2018,1,0,1,0,0,0,0,0,0,0,0,0,,4.33,27.9,
LeMahieu, DJ,518934,2018,5,6,5,0,0,2,1,0,5,1,0,3,,4.46,27.2,
Lucroy, Jonathan,518960,2018,0,0,0,0,0,1,0,0,0,0,0,1,,4.71,25.0,
Mesoraco, Devin,519023,2018,0,0,0,0,0,0,0,0,0,0,0,0,,4.52,25.6,
Moreland, Mitch,519048,2018,0,2,0,0,0,0,0,0,1,1,0,0,,4.42,25.2,
Moustakas, Mike,519058,2018,1,4,1,0,0,1,0,0,4,0,0,1,,4.6,25.7,
Rizzo, Anthony,519203,2018,4,6,3,1,0,1,1,0,6,0,0,2,,4.58,25.6,
Romine, Austin,519222,2018,0,1,0,0,0,0,0,0,1,0,0,0,,4.49,26.4,
Smolinski, Jake,519295,2018,0,1,0,0,0,0,0,0,1,0,0,0,,4.36,27.6,
Sogard, Eric,519299,2018,0,3,0,0,0,0,0,0,3,0,0,0,,4.36,26.7,
Souza Jr., Steven,519306,2018,1,6,0,1,0,0,1,0,5,1,0,1,,4.3,28.2,
Stanton, Giancarlo,519317,2018,0,5,0,0,0,0,0,0,5,0,0,0,3,4.45,27.8,
Szczur, Matt,519333,2018,0,3,0,0,0,0,0,0,3,0,0,0,,4.24,28.3,
Thames, Eric,519346,2018,0,7,0,0,0,0,0,0,6,1,0,0,,4.27,27.1,
Galvis, Freddy,520471,2018,6,8,6,0,0,3,0,0,7,1,0,3,,4.35,26.8,
Perez, Salvador,521692,2018,1,1,0,1,0,0,0,0,0,1,0,0,,4.82,25.0,
Forsythe, Logan,523253,2018,0,3,0,0,0,0,0,0,3,0,0,0,,4.51,27.4,
Flores, Wilmer,527038,2018,0,0,0,0,0,0,0,0,0,0,0,0,,4.56,25.7,
Marte, Jefry,527043,2018,1,1,1,0,0,2,0,0,1,0,0,2,,4.48,26.7,
Teheran, Julio,527054,2018,0,0,0,0,0,0,0,0,0,0,0,0,,,21.4,
LaMarre, Ryan,534606,2018,2,2,1,1,0,2,1,0,2,0,0,3,1,4.19,28.4,
Garcia, Avisail,541645,2018,1,3,1,0,0,1,0,0,3,0,0,1,19,4.35,28.9,
Perez, Hernan,541650,2018,3,11,3,0,0,1,0,0,3,8,0,1,,4.38,28.0,
Perez, Carlos,542208,2018,0,1,0,0,0,0,0,0,1,0,0,0,,,25.0,
Inciarte, Ender,542255,2018,14,28,10,3,1,1,1,0,19,8,1,2,,4.12,27.9,
Ozuna, Marcell,542303,2018,0,3,0,0,0,0,0,0,2,1,0,0,1,4.42,27.8,
Villar, Jonathan,542340,2018,5,35,3,2,0,3,0,0,29,6,0,3,,4.21,27.7,
Ortega, Rafael,542364,2018,2,5,1,1,0,1,0,0,5,0,0,1,,4.32,27.9,
Santana, Danny,542454,2018,1,1,1,0,0,0,0,0,1,0,0,0,1,,28.2,
Telis, Tomas,542513,2018,0,0,0,0,0,0,0,0,0,0,0,0,,,25.5,
Aguilar, Jesus,542583,2018,0,0,0,0,0,0,1,0,0,0,0,1,,4.7,24.6,
Anderson, Tyler,542881,2018,0,0,0,0,0,0,0,0,0,0,0,0,,,25.9,
Bandy, Jett,542908,2018,0,0,0,0,0,0,0,0,0,0,0,0,,,23.9,
Beckham, Tim,542921,2018,2,1,2,0,0,0,0,0,1,0,0,0,,4.41,27.2,
Berti, Jon,542932,2018,0,1,0,0,0,0,0,0,1,0,0,0,2,,29.3,
Broxton, Keon,542979,2018,1,5,1,0,0,0,0,0,3,2,0,0,12,4.17,29.8,
Chatwood, Tyler,543022,2018,0,0,0,0,0,0,0,0,0,0,0,0,,,25.0,
Crawford, Brandon,543063,2018,5,4,3,2,0,1,1,0,3,1,0,2,,4.43,25.7,
Cron, C.J.,543068,2018,2,1,2,0,0,0,0,0,1,0,0,0,,4.58,26.3,
DeSclafani, Anthony,543101,2018,0,0,0,0,0,0,0,0,0,0,0,0,,,22.1,
Eovaldi, Nathan,543135,2018,0,0,0,0,0,0,0,0,0,0,0,0,,,,
Federowicz, Tim,543148,2018,0,0,0,0,0,0,0,0,0,0,0,0,,,23.9,
Galloway, Isaac,543194,2018,1,1,1,0,0,0,0,0,1,0,0,0,12,4.14,29.9,
Gomes, Yan,543228,2018,0,0,0,0,0,0,0,0,0,0,0,0,,4.5,26.9,
Grossman, Robbie,543257,2018,1,0,1,0,0,0,0,0,0,0,0,0,1,4.27,27.8,
Harrison, Josh,543281,2018,0,3,0,0,0,0,0,0,3,0,0,0,,4.38,27.1,
Hendricks, Kyle,543294,2018,0,0,0,0,0,0,0,0,0,0,0,0,,,22.8,
Herrmann, Chris,543302,2018,0,0,0,0,0,0,0,0,0,0,0,0,,,27.1,
Hicks, Aaron,543305,2018,2,11,2,0,0,1,1,0,6,5,0,2,7,4.16,28.1,
Hicks, John,543308,2018,1,0,1,0,0,0,0,1,0,0,0,1,,4.43,26.5,
Higashioka, Kyle,543309,2018,0,0,0,0,0,0,0,0,0,0,0,0,,,25.1,
Hosmer, Eric,543333,2018,4,7,4,0,0,1,0,0,6,1,0,1,,4.46,26.2,
Joseph, Caleb,543376,2018,1,2,0,1,0,0,0,0,2,0,0,0,,4.6,26.4,
Joseph, Corban,543377,2018,0,0,0,0,0,0,0,0,0,0,0,0,,,26.6,
Kipnis, Jason,543401,2018,1,7,1,0,0,0,0,0,5,2,0,0,,4.38,26.9,
Lyles, Jordan,543475,2018,0,0,0,0,0,0,0,0,0,0,0,0,,,22.7,
Mahtook, Mikie,543484,2018,1,4,1,0,0,2,0,0,4,0,0,2,3,4.27,28.7,
McCann, James,543510,2018,3,0,2,0,1,0,0,0,0,0,0,0,,4.72,25.8,
Miller, Brad,543543,2018,0,0,0,0,0,0,1,0,0,0,0,1,,4.28,27.8,
Montgomery, Mike,543557,2018,0,0,0,0,0,0,0,0,0,0,0,0,,,23.5,
Rendon, Anthony,543685,2018,1,2,1,0,0,1,0,0,2,0,0,1,,4.37,27.3,
Roark, Tanner,543699,2018,0,0,0,0,0,0,0,0,0,0,0,0,,,22.4,
Semien, Marcus,543760,2018,6,14,6,0,0,4,0,0,13,1,0,4,,4.28,28.3,
Shaw, Travis,543768,2018,2,5,2,0,0,0,0,0,4,1,0,0,,4.41,26.7,
Shuck, JB,543776,2018,2,2,2,0,0,0,0,0,2,0,0,0,11,3.98,29.5,
Springer III, George,543807,2018,4,6,4,0,0,0,0,0,5,1,0,0,4,4.31,27.7,
Strange-Gordon, Dee,543829,2018,12,30,11,0,1,4,0,0,25,5,0,4,65,3.96,29.0,
Vazquez, Christian,543877,2018,1,4,0,1,0,0,0,0,4,0,0,0,,4.57,25.3,
Wong, Kolten,543939,2018,5,6,5,0,0,0,0,0,6,0,0,0,1,4.16,27.7,
Gregorius, Didi,544369,2018,6,10,5,1,0,0,0,0,9,1,0,0,,4.25,28.0,
Garcia, Leury,544725,2018,1,12,1,0,0,0,0,0,9,3,0,0,9,4.08,28.6,
den Dekker, Matthew,544925,2018,0,0,0,0,0,0,0,0,0,0,0,0,,,,
Strasburg, Stephen,544931,2018,0,0,0,0,0,0,0,0,0,0,0,0,,,23.2,
Vargas, Ildemaro,545121,2018,0,1,0,0,0,0,0,0,1,0,0,0,,,26.9,
Fontana, Nolan,545337,2018,0,0,0,0,0,0,0,0,0,0,0,0,,,,
Grichuk, Randal,545341,2018,2,3,2,0,0,2,0,0,2,1,0,2,,4.35,28.3,
Marisnick, Jake,545350,2018,2,6,2,0,0,1,0,0,6,0,0,1,13,4.24,29.3,
Stassi, Max,545358,2018,0,0,0,0,0,0,0,0,0,0,0,0,,4.65,25.8,
Trout, Mike,545361,2018,2,24,1,1,0,0,0,0,21,3,0,0,36,4.25,29.3,
Herrera, Odubel,546318,2018,2,5,1,0,1,3,0,0,5,0,0,3,2,4.24,26.6,
Alford, Anthony,546990,2018,0,1,0,0,0,0,0,0,1,0,0,0,,,,
Almora Jr., Albert,546991,2018,3,1,3,0,0,0,0,0,1,0,0,0,,4.35,27.9,
Ruiz, Rio,547004,2018,0,0,0,0,0,0,0,0,0,0,0,0,,,,
Delmonico, Nicky,547170,2018,2,1,2,0,0,0,0,0,1,0,0,0,,4.51,27.2,
Wolters, Tony,547172,2018,0,2,0,0,0,0,0,0,2,0,0,0,,4.5,26.0,
Lorenzen, Michael,547179,2018,0,0,0,0,0,0,0,0,0,0,0,0,1,,28.4,
Harper, Bryce,547180,2018,3,14,3,0,0,1,0,0,13,1,0,1,2,4.34,27.6,
Perez, Roberto,547379,2018,0,1,0,0,0,0,0,0,1,0,0,0,,4.86,24.6,
Ngoepe, Gift,547912,2018,0,0,0,0,0,0,0,0,0,0,0,0,,,26.9,
Ryu, Hyun Jin,547943,2018,0,0,0,0,0,0,0,0,0,0,0,0,,,21.8,
Martin, Leonys,547982,2018,4,7,4,0,0,1,0,0,6,1,0,1,,4.3,27.5,
Abreu, Jose,547989,2018,0,2,0,0,0,0,0,0,1,1,0,0,,4.53,26.7,
Stripling, Ross,548389,2018,0,1,0,0,0,0,0,0,1,0,0,0,,4.45,26.0,
Diaz, Elias,553869,2018,1,0,1,0,0,2,0,0,0,0,0,2,,4.55,26.6,
Narvaez, Omar,553882,2018,2,0,1,0,1,0,0,1,0,0,0,1,,4.7,25.2,
Astudillo, Willians,553902,2018,0,0,0,0,0,1,0,0,0,0,0,1,,4.79,24.6,
Machado, Dixon,553988,2018,1,1,1,0,0,0,0,0,1,0,0,0,,4.42,27.7,
Suarez, Eugenio,553993,2018,1,1,1,0,0,0,0,0,0,1,0,0,,4.61,26.2,
Wheeler, Zack,554430,2018,0,0,0,0,0,0,0,0,0,0,0,0,,,25.1,
Polanco, Gregory,570256,2018,2,12,2,0,0,0,0,0,10,2,0,0,8,4.19,27.8,
Santana, Domingo,570267,2018,1,1,1,0,0,2,1,0,1,0,0,3,,4.52,26.8,
Gonzalez, Erik,570481,2018,0,3,0,0,0,0,0,0,3,0,0,0,,4.31,27.5,
Urshela, Gio,570482,2018,0,0,0,0,0,0,0,0,0,0,0,0,,,26.9,
Sanchez, Carlos,570560,2018,6,14,5,1,0,1,0,0,9,5,0,1,,4.25,28.1,
Urena, Jose,570632,2018,0,0,0,0,0,0,0,0,0,0,0,0,,,,
Schoop, Jonathan,570731,2018,1,1,1,0,0,1,0,0,1,0,0,1,,4.48,27.5,
Villanueva, Christian,570799,2018,0,3,0,0,0,0,0,0,3,0,0,0,,4.67,25.6,
Adams, Matt,571431,2018,0,0,0,0,0,0,0,0,0,0,0,0,,4.56,25.9,
Altherr, Aaron,571437,2018,2,3,2,0,0,2,0,0,3,0,0,2,1,4.38,29.0,
Arenado, Nolan,571448,2018,2,2,2,0,0,0,0,0,2,0,0,0,,4.57,25.7,
Barnhart, Tucker,571466,2018,4,0,3,1,0,0,0,0,0,0,0,0,,4.65,25.0,
Bour, Justin,571506,2018,0,2,0,0,0,0,0,0,1,1,0,0,,4.72,23.7,
Corbin, Patrick,571578,2018,0,0,0,0,0,0,0,0,0,0,0,0,,4.41,25.3,
Cuevas, Noel,571595,2018,0,1,0,0,0,0,1,0,1,0,0,1,7,4.26,28.6,
Davidson, Matt,571602,2018,0,0,0,0,0,0,1,0,0,0,0,1,,4.63,25.7,
Farmer, Kyle,571657,2018,0,0,0,0,0,0,0,0,0,0,0,0,,4.49,26.8,
Freitas, David,571679,2018,0,0,0,0,0,0,0,0,0,0,0,0,,4.85,25.1,
Gennett, Scooter,571697,2018,2,4,1,0,1,0,0,1,4,0,0,1,,4.38,26.4,
Goodwin, Brian,571718,2018,2,4,2,0,0,1,0,0,4,0,0,1,,4.19,27.6,
Hamilton, Billy,571740,2018,10,34,9,1,0,6,0,0,27,7,0,6,93,3.94,30.1,
Haniger, Mitch,571745,2018,2,8,1,1,0,0,0,0,8,0,0,0,,4.38,27.8,
Hernandez, Enrique,571771,2018,0,3,0,0,0,0,0,0,1,2,0,0,,4.35,27.7,
Holt, Brock,571788,2018,7,7,5,1,1,3,0,1,6,1,0,4,,4.4,26.4,
Kelly, Ty,571841,2018,0,0,0,0,0,0,0,0,0,0,0,0,,,26.4,
Kieboom, Spencer,571851,2018,0,0,0,0,0,0,0,0,0,0,0,0,,4.86,24.9,
Koch, Matt,571863,2018,0,0,0,0,0,0,0,0,0,0,0,0,,,,
Lamb, Jake,571875,2018,2,1,2,0,0,0,0,0,1,0,0,0,,4.36,27.0,
Maile, Luke,571912,2018,0,2,0,0,0,0,0,0,2,0,0,0,,4.62,25.9,
Marrero, Deven,571918,2018,0,3,0,0,0,0,0,0,3,0,0,0,,4.49,27.2,
Matz, Steven,571927,2018,0,0,0,0,0,0,0,0,0,0,0,0,1,4.19,28.6,
Mikolas, Miles,571945,2018,0,0,0,0,0,0,0,0,0,0,0,0,,,25.5,
Mitchell, Bryan,571951,2018,0,0,0,0,0,0,0,0,0,0,0,0,,,26.4,
Muncy, Max,571970,2018,0,3,0,0,0,1,0,0,3,0,0,1,,4.29,27.6,
Murphy, John Ryan,571974,2018,0,0,0,0,0,0,0,0,0,0,0,0,,4.35,27.3,
Myers, Wil,571976,2018,1,13,1,0,0,1,0,0,12,1,0,1,,4.35,28.1,
Naquin, Tyler,571980,2018,1,1,1,0,0,1,0,0,1,0,0,1,,4.38,27.5,
Owings, Chris,572008,2018,4,11,3,1,0,1,0,0,7,4,0,1,,4.14,28.3,
Phegley, Josh,572033,2018,0,0,0,0,0,0,0,0,0,0,0,0,,4.44,26.1,
Piscotty, Stephen,572039,2018,0,2,0,0,0,0,0,0,1,1,0,0,,4.42,26.7,
Pollock, AJ,572041,2018,2,13,2,0,0,1,0,0,9,4,0,1,,4.34,28.2,
Rickard, Joey,572073,2018,2,4,2,0,0,2,0,0,4,0,0,2,1,4.23,28.3,
Seager, Kyle,572122,2018,2,2,2,0,0,0,0,0,1,1,0,0,,4.5,25.8,
Susac, Andrew,572180,2018,0,0,0,0,0,0,0,0,0,0,0,0,,,22.5,
Taylor, Michael A.,572191,2018,6,24,6,0,0,0,1,0,16,8,0,1,27,4.14,29.0,
Thompson, Trayce,572204,2018,1,3,1,0,0,0,1,0,2,1,0,1,,4.34,27.9,
Voit III, Luke,572228,2018,0,0,0,0,0,0,0,0,0,0,0,0,,4.63,26.3,
Walker, Christian,572233,2018,0,1,0,0,0,0,0,0,1,0,0,0,,,28.1,
Zunino, Mike,572287,2018,0,0,0,0,0,0,0,0,0,0,0,0,,4.59,26.0,
Erlin, Robbie,572362,2018,0,0,0,0,0,0,0,0,0,0,0,0,,,,
Goins, Ryan,572365,2018,0,0,0,0,0,0,0,0,0,0,0,0,,4.44,26.4,
Adams, Lane,572669,2018,0,1,0,0,0,0,0,0,0,1,0,0,4,,29.6,
Carpenter, Matt,572761,2018,1,4,1,0,0,0,0,0,4,0,0,0,,4.4,26.5,
Dickerson, Corey,572816,2018,3,8,3,0,0,0,0,0,8,0,0,0,,4.21,27.9,
Dozier, Brian,572821,2018,3,12,3,0,0,1,0,0,8,4,0,1,,4.44,26.8,
Saladino, Tyler,573135,2018,2,2,2,0,0,1,0,0,2,0,0,1,,4.36,28.5,
Straily, Dan,573185,2018,0,0,0,0,0,0,0,0,0,0,0,0,,,23.1,
Contreras, Willson,575929,2018,1,4,1,0,0,1,0,0,4,0,0,1,,4.32,27.6,
Gyorko, Jedd,576397,2018,0,2,0,0,0,0,0,0,2,0,0,0,,4.55,25.1,
Iglesias, Jose,578428,2018,6,15,6,0,0,0,0,0,14,1,0,0,4,4.16,28.0,
Travis, Devon,581527,2018,2,3,1,1,0,0,0,0,2,0,1,0,,4.44,27.0,
Johnson Jr., Sherman,582473,2018,0,0,0,0,0,0,0,0,0,0,0,0,,,27.2,
Hechavarria, Adeiny,588751,2018,0,2,0,0,0,0,0,0,2,0,0,0,,4.44,27.0,
Torreyes, Ronald,591720,2018,0,0,0,0,0,0,0,0,0,0,0,0,1,4.15,28.0,
Osuna, Jose,591741,2018,0,0,0,0,0,0,0,0,0,0,0,0,,4.42,27.4,
Valera, Breyvic,591971,2018,0,1,0,0,0,0,0,0,1,0,0,0,,4.21,27.8,
Austin, Tyler,592122,2018,2,1,2,0,0,1,0,0,1,0,0,1,,4.47,27.3,
Bryant, Kris,592178,2018,4,2,4,0,0,0,0,0,1,1,0,0,,4.28,28.0,
Canha, Mark,592192,2018,2,1,2,0,0,0,0,0,0,0,1,0,,4.34,27.6,
Casali, Curt,592200,2018,2,0,1,0,1,0,0,0,0,0,0,0,,4.91,24.5,
Castellanos, Nick,592206,2018,1,2,1,0,0,1,0,1,2,0,0,2,,4.29,27.8,
Cowart, Kaleb,592230,2018,0,1,0,0,0,0,0,0,1,0,0,0,,,26.8,
DeShields, Delino,592261,2018,4,20,2,2,0,1,0,0,16,4,0,1,73,4.02,30.0,
Drury, Brandon,592273,2018,0,0,0,0,0,0,0,0,0,0,0,0,,4.42,26.9,
Foltynewicz, Mike,592314,2018,0,0,0,0,0,0,0,0,0,0,0,0,,,22.9,
Gamel, Ben,592325,2018,3,7,3,0,0,1,0,0,7,0,0,1,2,4.2,28.3,
Gausman, Kevin,592332,2018,0,0,0,0,0,0,0,0,0,0,0,0,,,25.5,
Goodrum, Niko,592348,2018,4,12,3,1,0,1,0,0,12,0,0,1,12,4.19,29.2,
Gray, Jon,592351,2018,0,0,0,0,0,0,0,0,0,0,0,0,,,24.7,
Healy, Ryon,592387,2018,0,0,0,0,0,0,0,0,0,0,0,0,,4.63,26.1,
Holaday, Bryan,592407,2018,0,0,0,0,0,0,0,0,0,0,0,0,,4.64,25.1,
Jones, JaCoby,592444,2018,5,13,5,0,0,3,0,0,11,2,0,3,14,4.23,29.1,
Judge, Aaron,592450,2018,3,6,3,0,0,1,0,0,5,1,0,1,,4.56,28.1,
Kingham, Nick,592468,2018,0,0,0,0,0,0,0,0,0,0,0,0,,,24.5,
Machado, Manny,592518,2018,2,14,2,0,0,0,0,0,13,1,0,0,,4.62,26.1,
Moran, Colin,592567,2018,2,0,2,0,0,0,0,0,0,0,0,0,,4.62,25.2,
Pederson, Joc,592626,2018,5,1,4,0,1,1,0,1,1,0,0,2,,4.36,26.2,
Pompey, Dalton,592647,2018,0,0,0,0,0,0,0,0,0,0,0,0,,,,
Ray, Robbie,592662,2018,0,0,0,0,0,0,0,0,0,0,0,0,,,20.4,
Realmuto, J.T.,592663,2018,2,3,2,0,0,1,0,0,3,0,0,1,10,4.27,28.7,
Renfroe, Hunter,592669,2018,1,2,1,0,0,0,0,0,2,0,0,0,,4.38,27.3,
Rivera, Yadiel,592680,2018,1,2,1,0,0,1,0,0,2,0,0,1,1,4.24,29.2,
Robinson, Drew,592685,2018,1,2,1,0,0,0,0,0,2,0,0,0,,4.39,27.4,
Rosario, Eddie,592696,2018,2,8,2,0,0,3,0,0,7,1,0,3,3,4.19,28.0,
Simmons, Andrelton,592743,2018,2,10,2,0,0,0,0,0,9,1,0,0,,4.48,27.1,
Smith, Caleb,592761,2018,0,0,0,0,0,0,0,0,0,0,0,0,,,25.9,
Syndergaard, Noah,592789,2018,0,0,0,0,0,0,0,0,0,0,0,0,,,,
Taillon, Jameson,592791,2018,0,0,0,0,0,0,0,0,0,0,0,0,,,21.4,
Toles, Andrew,592808,2018,0,1,0,0,0,0,0,0,1,0,0,0,1,,28.6,
Velasquez, Vince,592826,2018,0,0,0,0,0,0,0,0,0,0,0,0,,4.45,25.9,
Wilkerson, Stevie,592859,2018,0,1,0,0,0,0,0,0,1,0,0,0,3,,29.0,
Williams, Mason,592863,2018,2,1,2,0,0,0,0,0,1,0,0,0,,4.23,27.7,
Williams, Trevor,592866,2018,0,0,0,0,0,0,0,0,0,0,0,0,,,21.9,
Yelich, Christian,592885,2018,4,22,2,2,0,1,0,0,17,5,0,1,39,4.19,28.6,
Merrifield, Whit,593160,2018,10,45,8,2,0,4,1,0,29,16,0,5,20,4.22,29.1,
Martinez, Carlos,593372,2018,0,0,0,0,0,0,0,0,0,0,0,0,,,24.8,
Bogaerts, Xander,593428,2018,2,8,2,0,0,0,0,0,6,2,0,0,3,4.23,27.9,
Castro, Daniel,593495,2018,0,0,0,0,0,0,0,0,0,0,0,0,,4.34,27.0,
Torres, Ramon,593527,2018,0,0,0,0,0,0,0,0,0,0,0,0,,,28.0,
Bonifacio, Jorge,593528,2018,1,0,1,0,0,1,0,1,0,0,0,2,,4.33,28.2,
Alberto, Hanser,593643,2018,1,0,1,0,0,0,0,0,0,0,0,0,,,26.0,
Brito, Socrates,593647,2018,1,0,1,0,0,1,0,0,0,0,0,1,6,,29.9,
Hanson, Alen,593700,2018,3,7,2,1,0,1,0,0,7,0,0,1,13,4.19,28.5,
Polanco, Jorge,593871,2018,7,7,7,0,0,3,0,0,6,1,0,3,3,4.19,28.4,
Sano, Miguel,593934,2018,0,0,0,0,0,0,1,0,0,0,0,1,,4.62,26.8,
Briceno, Jose,593993,2018,1,0,1,0,0,0,0,0,0,0,0,0,,4.59,26.5,
Herrera, Rosell,594011,2018,5,3,5,0,0,1,0,0,2,1,0,1,2,4.21,28.5,
Difo, Wilmer,594694,2018,3,10,2,1,0,2,0,0,10,0,0,2,3,4.26,28.6,
Calhoun, Kole,594777,2018,2,6,2,0,0,1,0,0,6,0,0,1,,4.52,26.1,
deGrom, Jacob,594798,2018,0,0,0,0,0,0,0,0,0,0,0,0,,4.31,27.4,
Duvall, Adam,594807,2018,2,2,2,0,0,2,1,0,2,0,0,3,1,4.35,28.0,
Eaton, Adam,594809,2018,1,9,0,1,0,0,1,0,8,0,1,1,,4.18,27.5,
Garcia, Greg,594824,2018,1,3,1,0,0,0,0,0,3,0,0,0,1,4.23,27.5,
Gattis, Evan,594828,2018,0,1,0,0,0,0,0,0,1,0,0,0,,4.59,26.7,
Gosselin, Phil,594838,2018,0,0,0,0,0,0,0,0,0,0,0,0,1,,29.0,
Palka, Daniel,594953,2018,1,2,1,0,0,0,0,0,2,0,0,0,,4.41,26.6,
Ponce de Leon, Daniel,594965,2018,0,0,0,0,0,0,0,0,0,0,0,0,,,27.3,
Schebler, Scott,594988,2018,2,4,2,0,0,0,0,0,4,0,0,0,,4.22,27.8,
Gerber, Mike,595222,2018,0,0,0,0,0,0,0,0,0,0,0,0,4,,29.6,
Kiermaier, Kevin,595281,2018,5,10,5,0,0,0,1,0,9,1,0,1,11,4.07,29.0,
Knapp, Andrew,595284,2018,0,1,0,0,0,0,0,0,1,0,0,0,,4.32,26.9,
Reinheimer, Jack,595373,2018,1,1,1,0,0,1,0,0,1,0,0,1,2,,28.9,
Riddle, JT,595375,2018,3,0,2,1,0,0,0,0,0,0,0,0,,4.37,27.8,
Wallach, Chad,595453,2018,0,0,0,0,0,0,0,0,0,0,0,0,,,24.8,
Alfaro, Jorge,595751,2018,0,3,0,0,0,1,0,0,3,0,0,1,,4.35,28.3,
Profar, Jurickson,595777,2018,0,10,0,0,0,0,0,0,10,0,0,0,,4.32,27.6,
Baez, Javier,595879,2018,9,21,6,3,0,3,0,0,12,7,2,3,13,4.19,28.9,
Bird, Greg,595885,2018,0,0,0,0,0,0,0,0,0,0,0,0,,4.72,25.1,
Cave, Jake,595909,2018,2,2,2,0,0,0,0,0,2,0,0,0,,4.28,27.8,
Evans, Phillip,595943,2018,0,1,0,0,0,0,0,0,1,0,0,0,,,,
Gallagher, Cam,595956,2018,0,0,0,0,0,0,0,0,0,0,0,0,,,24.2,
Hedges, Austin,595978,2018,0,3,0,0,0,0,0,0,3,0,0,0,,4.67,25.9,
Kramer, Kevin,596012,2018,0,0,0,0,0,0,0,0,0,0,0,0,,,25.8,
Lindor, Francisco,596019,2018,10,25,10,0,0,1,0,0,20,4,1,1,3,4.21,28.4,
Odor, Rougned,596059,2018,12,12,11,1,0,6,1,0,12,0,0,7,10,4.14,28.2,
Slater, Austin,596103,2018,0,7,0,0,0,1,0,0,6,1,0,1,1,4.37,28.0,
Smith Jr., Dwight,596105,2018,0,0,0,0,0,1,0,0,0,0,0,1,,4.43,26.4,
Story, Trevor,596115,2018,6,27,6,0,0,0,0,0,27,0,0,0,66,4.16,29.7,
Swihart, Blake,596119,2018,1,6,1,0,0,0,0,0,6,0,0,0,,4.33,27.2,
Vogelbach, Daniel,596129,2018,0,0,0,0,0,0,0,0,0,0,0,0,,4.65,25.8,
Weaver, Luke,596133,2018,0,0,0,0,0,0,0,0,0,0,0,0,,,27.1,
Sanchez, Gary,596142,2018,0,1,0,0,0,0,0,0,1,0,0,0,,4.54,25.8,
Sardinas, Luis,596143,2018,0,0,0,0,0,0,0,0,0,0,0,0,,,26.5,
Cuthbert, Cheslor,596144,2018,1,0,1,0,0,0,0,0,0,0,0,0,,4.48,26.9,
Kepler, Max,596146,2018,5,4,5,0,0,2,0,0,4,0,0,2,3,4.27,27.9,
Gomber, Austin,596295,2018,0,0,0,0,0,0,0,0,0,0,0,0,,,24.7,
Quinn, Roman,596451,2018,4,10,2,2,0,1,0,0,9,1,0,1,29,3.88,30.2,
Franco, Maikel,596748,2018,0,1,0,0,0,0,0,0,1,0,0,0,,4.74,25.6,
Choi, Ji-Man,596847,2018,0,2,0,0,0,0,2,0,1,1,0,2,,4.38,25.8,
Bradley Jr., Jackie,598265,2018,1,17,1,0,0,1,0,0,15,2,0,1,,4.26,27.8,
O'Brien, Peter,598284,2018,0,0,0,0,0,0,0,0,0,0,0,0,,4.5,26.6,
Herrera, Dilson,599096,2018,0,0,0,0,0,0,0,0,0,0,0,0,,,27.7,
Motter, Taylor,600301,2018,0,1,0,0,0,0,0,0,1,0,0,0,,4.55,26.5,
La Stella, Tommy,600303,2018,1,0,0,0,1,0,0,0,0,0,0,0,,4.37,26.6,
Severino, Pedro,600474,2018,0,1,0,0,0,0,0,0,1,0,0,0,,4.31,27.3,
Nunez, Renato,600524,2018,0,0,0,0,0,0,0,0,0,0,0,0,,4.48,27.4,
Candelario, Jeimer,600869,2018,2,3,2,0,0,2,0,0,3,0,0,2,,4.41,27.3,
Pivetta, Nick,601713,2018,0,0,0,0,0,0,0,0,0,0,0,0,,,24.1,
Guerrero, Gabriel,602115,2018,0,0,0,0,0,0,0,0,0,0,0,0,,,,
Rondon, Jose,602922,2018,1,2,1,0,0,0,0,0,2,0,0,0,,4.38,27.7,
Ahmed, Nick,605113,2018,4,5,4,0,0,1,0,0,4,1,0,1,1,4.34,28.2,
Anderson, Brian,605119,2018,4,2,4,0,0,2,0,0,2,0,0,2,,4.44,27.1,
Barnes, Austin,605131,2018,3,4,2,1,0,0,0,0,2,2,0,0,,4.41,27.4,
Bell, Josh,605137,2018,5,2,5,0,0,0,0,0,2,0,0,0,,4.41,27.1,
Betts, Mookie,605141,2018,6,30,5,1,0,1,0,0,26,4,0,1,6,4.18,28.1,
Caratini, Victor,605170,2018,0,0,0,0,0,0,0,0,0,0,0,0,,4.61,25.7,
Davies, Zach,605200,2018,0,0,0,0,0,0,0,0,0,0,0,0,,,,
Davis, J.D.,605204,2018,0,0,0,0,0,0,0,0,0,0,0,0,,4.55,26.5,
Fisher, Derek,605233,2018,0,2,0,0,0,1,0,0,2,0,0,1,6,4.18,29.3,
Garcia, Aramis,605244,2018,0,0,0,0,0,0,0,0,0,0,0,0,,,26.0,
Marjama, Mike,605357,2018,1,0,1,0,0,0,0,0,0,0,0,0,,,26.1,
Martini, Nick,605361,2018,0,0,0,0,0,0,0,0,0,0,0,0,,4.37,27.1,
Musgrove, Joe,605397,2018,0,0,0,0,0,0,0,0,0,0,0,0,,,27.1,
Nola, Aaron,605400,2018,0,0,0,0,0,0,0,0,0,0,0,0,,4.77,25.0,
Panik, Joe,605412,2018,2,4,2,0,0,1,0,0,4,0,0,1,,4.47,25.5,
Perez, Michael,605421,2018,0,0,0,0,0,0,0,0,0,0,0,0,,,24.9,
Rodriguez, Dereck,605446,2018,0,0,0,0,0,0,0,0,0,0,0,0,,,23.3,
Skole, Matt,605474,2018,0,0,0,0,0,0,0,0,0,0,0,0,,,,
Smith, Mallex,605480,2018,12,40,6,3,3,3,0,1,33,6,1,4,85,4.03,29.9,
Spangenberg, Cory,605486,2018,1,7,1,0,0,0,0,0,5,2,0,0,19,4.08,29.0,
Suarez, Andrew,605498,2018,0,0,0,0,0,0,0,0,0,0,0,0,,,25.7,
Tilson, Charlie,605508,2018,3,2,3,0,0,1,0,0,2,0,0,1,3,4.13,29.0,
Tomlinson, Kelby,605509,2018,2,0,2,0,0,0,0,0,0,0,0,0,1,4.24,28.0,
Tucker, Preston,605512,2018,0,0,0,0,0,0,0,0,0,0,0,0,,4.35,27.1,
Walding, Mitch,605520,2018,0,0,0,0,0,0,0,0,0,0,0,0,,,,
Woodruff, Brandon,605540,2018,0,0,0,0,0,0,0,0,0,0,0,0,,,25.7,
Zimmer, Bradley,605548,2018,1,4,1,0,0,0,0,0,4,0,0,0,9,4.1,29.4,
Castro, Harold,605612,2018,0,1,0,0,0,0,0,0,1,0,0,0,,,27.4,
Arcia, Orlando,606115,2018,4,7,2,2,0,0,0,0,5,2,0,0,,4.44,26.7,
Tapia, Raimel,606132,2018,0,0,0,0,0,0,0,0,0,0,0,0,1,,28.9,
Hernandez, Teoscar,606192,2018,5,5,4,1,0,0,0,0,2,3,0,0,2,4.28,28.6,
Peraza, Jose,606299,2018,6,23,6,0,0,2,0,0,21,2,0,2,18,4.19,28.8,
Garcia, Jarlin,606424,2018,0,0,0,0,0,0,0,0,0,0,0,0,,,,
Marte, Ketel,606466,2018,1,6,0,1,0,0,0,0,4,2,0,0,10,4.22,28.7,
Greiner, Grayson,606988,2018,1,0,1,0,0,0,0,0,0,0,0,0,,4.55,26.8,
Haase, Eric,606992,2018,0,0,0,0,0,0,0,0,0,0,0,0,,,26.3,
Nimmo, Brandon,607043,2018,6,9,3,3,0,1,0,0,7,2,0,1,4,4.23,28.5,
Peterson, Jace,607054,2018,3,13,2,0,1,0,0,0,10,3,0,0,4,4.23,28.4,
Fedde, Erick,607200,2018,0,0,0,0,0,0,0,0,0,0,0,0,,,26.1,
Turner, Trea,607208,2018,9,43,9,0,0,5,1,0,36,7,0,6,121,4.1,30.1,
Romano, Sal,607219,2018,0,0,0,0,0,0,0,0,0,0,0,0,,,,
Gant, John,607231,2018,0,0,0,0,0,0,0,0,0,0,0,0,,,25.3,
Lopez, Raffy,607257,2018,0,1,0,0,0,0,0,0,1,0,0,0,,4.75,24.7,
Smith, Kevan,607345,2018,0,1,0,0,0,0,0,0,1,0,0,0,,4.63,26.6,
Rua, Ryan,607387,2018,1,3,0,1,0,0,0,0,3,0,0,0,2,4.42,28.6,
Andreoli, John,607430,2018,0,2,0,0,0,0,0,0,2,0,0,0,13,4.14,30.3,
Blandino, Alex,607468,2018,0,0,0,0,0,0,0,0,0,0,0,0,,4.64,26.6,
Bostick, Christopher,607471,2018,0,0,0,0,0,0,0,0,0,0,0,0,,,,
Freeland, Kyle,607536,2018,0,0,0,0,0,0,0,0,0,0,0,0,1,,27.1,
Lugo, Seth,607625,2018,0,0,0,0,0,0,0,0,0,0,0,0,,,,
Pillar, Kevin,607680,2018,3,14,2,1,0,1,0,0,11,2,1,1,2,4.33,27.9,
Stallings, Jacob,607732,2018,0,0,0,0,0,0,0,0,0,0,0,0,,,25.2,
Travis, Sam,607752,2018,0,0,0,0,0,0,0,0,0,0,0,0,,4.49,27.0,
Williamson, Mac,607776,2018,1,1,1,0,0,0,0,0,1,0,0,0,,4.32,28.2,
Ramirez, Jose,608070,2018,6,34,5,1,0,2,0,0,32,2,0,2,1,4.29,27.4,
Bregman, Alex,608324,2018,4,10,1,2,1,2,0,0,9,1,0,2,,4.3,27.9,
Gallo, Joey,608336,2018,4,3,4,0,0,0,0,0,3,0,0,0,,4.42,27.7,
Kelly, Carson,608348,2018,0,0,0,0,0,0,0,0,0,0,0,0,,,24.5,
Russell, Addison,608365,2018,0,4,0,0,0,1,1,1,3,1,0,3,1,4.25,27.6,
Seager, Corey,608369,2018,0,0,0,0,0,0,0,0,0,0,0,0,,4.56,25.9,
Wacha, Michael,608379,2018,0,0,0,0,0,0,0,0,0,0,0,0,,,26.1,
Williams, Nick,608384,2018,2,3,2,0,0,1,0,0,3,0,0,1,1,4.32,28.4,
Winker, Jesse,608385,2018,0,0,0,0,0,0,0,0,0,0,0,0,,4.51,26.0,
Lugo, Dawel,608475,2018,0,0,0,0,0,0,0,0,0,0,0,0,7,4.34,28.5,
Marquez, German,608566,2018,0,0,0,0,0,0,0,0,0,0,0,0,,4.65,24.0,
Mazara, Nomar,608577,2018,0,1,0,0,0,0,0,0,1,0,0,0,,4.32,26.8,
Murphy, Tom,608596,2018,1,0,1,0,0,0,0,0,0,0,0,0,,4.38,28.0,
Guzman, Ronald,608597,2018,0,1,0,0,0,0,1,0,1,0,0,1,,4.48,26.2,
Field, Johnny,608654,2018,0,4,0,0,0,1,0,0,4,0,0,1,1,4.3,28.0,
Jankowski, Travis,608671,2018,7,24,6,1,0,3,0,0,23,1,0,3,27,4.12,29.0,
Plawecki, Kevin,608700,2018,1,0,1,0,0,1,0,0,0,0,0,1,,4.6,26.0,
Refsnyder, Rob,608701,2018,2,0,2,0,0,1,0,0,0,0,0,1,,4.33,27.6,
Reynolds, Matt,608703,2018,0,0,0,0,0,0,0,0,0,0,0,0,,,25.8,
Stratton, Chris,608717,2018,0,0,0,0,0,0,0,0,0,0,0,0,,,22.5,
Suter, Brent,608718,2018,0,0,0,0,0,0,0,0,0,0,0,0,,,26.9,
Mondesi, Adalberto,609275,2018,7,32,6,1,0,1,0,0,22,10,0,1,42,4.07,29.9,
Andujar, Miguel,609280,2018,1,2,1,0,0,0,0,0,2,0,0,0,2,4.31,27.9,
Chen, Wei-Yin,612672,2018,0,0,0,0,0,0,0,0,0,0,0,0,,,23.6,
Cordero, Franchy,614173,2018,2,5,2,0,0,1,0,0,4,1,0,1,6,4.18,29.2,
Reyes, Franmil,614177,2018,0,0,0,0,0,1,0,0,0,0,0,1,,4.54,26.8,
Barreto, Franklin,620439,2018,0,0,0,0,0,0,0,0,0,0,0,0,2,,28.8,
Urena, Richard,620446,2018,1,2,1,0,0,0,0,0,2,0,0,0,,,27.5,
Robertson, Daniel,621002,2018,2,2,2,0,0,1,0,0,2,0,0,1,,4.45,27.7,
Swanson, Dansby,621020,2018,4,10,3,1,0,1,0,0,8,2,0,1,35,4.08,29.5,
Newman, Kevin,621028,2018,1,0,1,0,0,0,0,0,0,0,0,0,,4.25,29.0,
Taylor, Chris,621035,2018,6,9,6,0,0,1,0,0,7,2,0,1,3,4.23,28.7,
Correa, Carlos,621043,2018,0,3,0,0,0,0,0,0,3,0,0,0,1,4.32,27.8,
Valentin, Jesmuel,621044,2018,0,0,0,0,0,0,0,0,0,0,0,0,,,26.6,
Eflin, Zach,621107,2018,0,0,0,0,0,0,0,0,0,0,0,0,,,23.0,
Buehler, Walker,621111,2018,0,0,0,0,0,0,0,0,0,0,0,0,,4.47,26.6,
Oswalt, Corey,621261,2018,0,0,0,0,0,0,0,0,0,0,0,0,,,,
Dahl, David,621311,2018,3,5,3,0,0,0,0,0,5,0,0,0,5,4.18,28.5,
Blach, Ty,621389,2018,0,0,0,0,0,0,0,0,0,0,0,0,,,21.9,
Phillips, Brett,621433,2018,1,1,1,0,0,0,0,0,1,0,0,0,1,4.07,29.0,
Buxton, Byron,621439,2018,0,5,0,0,0,0,0,0,5,0,0,0,20,3.98,30.5,
Brinson, Lewis,621446,2018,1,2,1,0,0,1,0,0,2,0,0,1,23,4.2,29.4,
Duggar, Steven,621453,2018,1,5,1,0,0,0,0,0,5,0,0,0,9,4.15,28.9,
Stewart, DJ,621466,2018,1,2,1,0,0,0,0,0,2,0,0,0,,,27.6,
Powell, Boog,621471,2018,1,1,1,0,0,1,0,0,1,0,0,1,,,28.2,
Ward, Taylor,621493,2018,0,2,0,0,0,0,0,0,2,0,0,0,,4.44,28.1,
Nido, Tomas,621512,2018,0,0,0,0,0,0,0,0,0,0,0,0,,4.8,25.2,
Stewart, Christin,621514,2018,0,0,0,0,0,0,0,0,0,0,0,0,,,27.1,
Hudson, Joe,621529,2018,0,0,0,0,0,0,0,0,0,0,0,0,,,24.2,
Wisdom, Patrick,621550,2018,1,2,1,0,0,0,0,0,2,0,0,0,,,27.8,
Moroff, Max,621559,2018,0,0,0,0,0,0,0,0,0,0,0,0,,,27.9,
Wendle, Joey,621563,2018,4,16,4,0,0,2,0,0,14,2,0,2,,4.16,28.4,
Olson, Matt,621566,2018,1,2,0,1,0,0,0,0,2,0,0,0,,4.53,25.9,
Dean, Austin,621573,2018,0,1,0,0,0,0,0,0,1,0,0,0,,4.27,28.1,
Shaw, Chris,622046,2018,0,1,0,0,0,0,0,0,1,0,0,0,,,26.1,
Wood, Alex,622072,2018,0,1,0,0,0,0,0,0,1,0,0,0,,,21.8,
Duffy, Matt,622110,2018,6,12,6,0,0,1,0,0,12,0,0,1,,4.41,27.8,
Munoz, Yairo,622168,2018,6,5,5,1,0,0,0,0,4,1,0,0,,4.3,28.2,
Maxwell, Bruce,622194,2018,0,0,0,0,0,0,0,0,0,0,0,0,,4.96,23.9,
Cozens, Dylan,622226,2018,0,1,0,0,0,0,0,0,1,0,0,0,,,27.1,
Rodriguez, Jefry,622446,2018,0,0,0,0,0,0,0,0,0,0,0,0,,,24.7,
Castillo, Luis,622491,2018,0,0,0,0,0,0,0,0,0,0,0,0,,,23.0,
Gomez, Miguel,622497,2018,0,0,0,0,0,0,0,0,0,0,0,0,,,26.4,
Margot, Manuel,622534,2018,10,11,7,2,1,1,0,1,11,0,0,2,32,4.19,29.4,
Reyes, Pablo,622569,2018,1,0,1,0,0,0,0,0,0,0,0,0,,4.3,28.4,
Senzatela, Antonio,622608,2018,0,0,0,0,0,0,0,0,0,0,0,0,,,22.9,
Camargo, Johan,622666,2018,1,1,1,0,0,0,0,0,1,0,0,0,,4.45,26.3,
Reyes, Victor,622682,2018,1,9,1,0,0,1,0,0,9,0,0,1,17,4.2,29.2,
Hernandez, Elieser,622694,2018,0,0,0,0,0,0,0,0,0,0,0,0,,,,
Kivlehan, Patrick,623182,2018,0,0,0,0,0,0,0,0,0,0,0,0,,,,
Velazquez, Andrew,623205,2018,0,1,0,0,0,0,0,0,1,0,0,0,,,,
Avelino, Abiatal,623214,2018,0,0,0,0,0,0,0,0,0,0,0,0,,,27.8,
Bote, David,623520,2018,4,3,3,1,0,0,1,0,3,0,0,1,,4.32,27.8,
Santander, Anthony,623993,2018,0,1,0,0,0,0,0,0,1,0,0,0,,4.49,26.9,
Lin, Tzu-Wei,624407,2018,1,0,1,0,0,0,0,0,0,0,0,0,1,4.22,27.7,
Arroyo, Christian,624414,2018,0,0,0,0,0,0,0,0,0,0,0,0,,4.6,26.7,
Ciuffo, Nick,624419,2018,0,0,0,0,0,0,0,0,0,0,0,0,,,25.2,
Conforto, Michael,624424,2018,4,3,4,0,0,2,0,0,2,1,0,2,,4.35,27.8,
Frazier, Adam,624428,2018,3,1,3,0,0,0,1,0,1,0,0,1,,4.34,27.2,
McGuire, Reese,624512,2018,0,1,0,0,0,0,0,0,1,0,0,0,,,26.8,
Puig, Yasiel,624577,2018,5,15,4,0,1,2,0,0,8,7,0,2,4,4.33,28.3,
Soler, Jorge,624585,2018,1,3,1,0,0,0,0,0,2,1,0,0,,4.4,28.3,
Tocci, Carlos,624636,2018,3,0,3,0,0,0,0,0,0,0,0,0,,4.37,27.7,
Maeda, Kenta,628317,2018,0,0,0,0,0,0,0,0,0,0,0,0,,,20.5,
Fernandez, Jose Miguel,628336,2018,0,1,0,0,0,0,0,0,1,0,0,0,,4.68,25.4,
Heredia, Guillermo,628338,2018,4,2,4,0,0,1,0,0,2,0,0,1,,4.25,28.5,
Ervin, Phillip,640447,2018,1,6,1,0,0,0,0,0,6,0,0,0,3,4.28,28.0,
Frazier, Jackson,640449,2018,0,0,0,0,0,0,0,0,0,0,0,0,,,28.2,
Meadows, Austin,640457,2018,1,5,1,0,0,0,0,0,5,0,0,0,3,4.17,28.8,
Pinder, Chad,640461,2018,2,0,2,0,0,0,0,0,0,0,0,0,,4.45,27.3,
Lopez, Pablo,641154,2018,0,0,0,0,0,0,0,0,0,0,0,0,,,24.0,
Anderson, Tim,641313,2018,8,26,7,1,0,2,1,0,19,7,0,3,31,4.2,28.8,
Asuaje, Carlos,641319,2018,1,1,1,0,0,0,0,0,1,0,0,0,,4.34,27.5,
Bauers, Jake,641343,2018,6,6,6,0,0,1,0,0,6,0,0,1,,4.19,27.9,
Bellinger, Cody,641355,2018,1,14,0,0,1,1,1,0,13,1,0,2,34,4.02,28.9,
Calhoun, Willie,641432,2018,0,0,0,0,0,0,0,0,0,0,0,0,,4.54,26.6,
Cordell, Ryan,641477,2018,0,0,0,0,0,0,0,0,0,0,0,0,6,,30.2,
Crawford, J.P.,641487,2018,0,2,0,0,0,0,0,0,2,0,0,0,,4.39,28.0,
Davis, Jonathan,641505,2018,0,3,0,0,0,0,1,0,3,0,0,1,4,,29.3,
Dixon, Brandon,641525,2018,0,0,0,0,0,0,0,0,0,0,0,0,2,4.21,29.0,
Dozier, Hunter,641531,2018,3,2,3,0,0,2,0,0,2,0,0,2,,4.34,28.6,
Engel, Adam,641553,2018,8,16,8,0,0,1,0,0,14,2,0,1,96,4.08,30.2,
Fowler, Dustin,641583,2018,4,6,4,0,0,0,0,0,6,0,0,0,14,4.1,29.2,
Garver, Mitch,641598,2018,0,0,0,0,0,0,1,0,0,0,0,1,,4.53,26.3,
Guillorme, Luis,641645,2018,0,1,0,0,0,0,0,0,1,0,0,0,,4.28,26.5,
Hampson, Garrett,641658,2018,0,2,0,0,0,1,0,0,2,0,0,1,10,,30.2,
Hermosillo, Michael,641684,2018,1,0,1,0,0,0,0,0,0,0,0,0,3,4.23,29.4,
Kuhl, Chad,641771,2018,0,0,0,0,0,0,0,0,0,0,0,0,,,22.6,
Lauer, Eric,641778,2018,0,0,0,0,0,0,0,0,0,0,0,0,,,23.3,
Locastro, Tim,641796,2018,0,4,0,0,0,0,0,0,4,0,0,0,,,,
Mahle, Tyler,641816,2018,0,0,0,0,0,0,0,0,0,0,0,0,,4.73,25.0,
Mancini III, Trey,641820,2018,1,0,0,0,1,0,0,0,0,0,0,0,,4.51,27.0,
McKinney, Billy,641856,2018,0,1,0,0,0,1,0,0,1,0,0,1,,4.27,27.5,
McMahon, Ryan,641857,2018,0,1,0,0,0,0,0,0,1,0,0,0,,4.53,25.9,
Nottingham, Jacob,641924,2018,0,0,0,0,0,0,0,0,0,0,0,0,,,27.6,
O'Neill, Tyler,641933,2018,0,2,0,0,0,0,0,0,2,0,0,0,9,4.11,29.7,
Reed, Cody,642003,2018,0,0,0,0,0,0,0,0,0,0,0,0,,,,
Sisco, Chance,642082,2018,0,1,0,0,0,0,0,0,0,0,1,0,,4.53,25.5,
Smith, Dominic,642086,2018,0,0,0,0,0,0,0,0,0,0,0,0,,4.5,26.4,
Tellez, Rowdy,642133,2018,0,0,0,0,0,0,0,0,0,0,0,0,,,25.3,
Valaika, Pat,642162,2018,0,0,0,0,0,0,0,0,0,0,0,0,,4.36,27.6,
Wade, Tyler,642180,2018,0,1,0,0,0,0,0,0,1,0,0,0,3,4.13,28.8,
Mejia, Francisco,642336,2018,0,0,0,0,0,0,0,0,0,0,0,0,,,26.4,
Sierra, Magneuris,642423,2018,2,3,2,0,0,0,0,0,2,1,0,0,42,3.91,30.3,
Peralta, Freddy,642547,2018,0,0,0,0,0,0,0,0,0,0,0,0,,,24.5,
Rosario, Amed,642708,2018,11,24,10,1,0,2,1,0,20,4,0,3,55,4.14,29.5,
Adames, Willy,642715,2018,5,6,5,0,0,0,1,0,6,0,0,1,1,4.26,28.5,
Guerra, Javy,642770,2018,0,0,0,0,0,0,0,0,0,0,0,0,,,26.9,
Wynns, Austin,642851,2018,0,0,0,0,0,0,0,0,0,0,0,0,,4.83,25.2,
Benintendi, Andrew,643217,2018,3,21,2,0,1,1,1,0,18,3,0,2,1,4.23,27.7,
Brault, Steven,643230,2018,0,0,0,0,0,0,0,0,0,0,0,0,,,24.4,
Cooper, Garrett,643265,2018,0,0,0,0,0,0,0,0,0,0,0,0,,,27.5,
Godley, Zack,643327,2018,0,0,0,0,0,0,0,0,0,0,0,0,,4.51,26.3,
Jansen, Danny,643376,2018,0,0,0,0,0,0,0,0,0,0,0,0,1,4.29,28.0,
Kemp, Tony,643393,2018,3,9,3,0,0,1,1,0,9,0,0,2,,4.16,27.5,
Kiner-Falefa, Isiah,643396,2018,5,7,5,0,0,0,1,0,7,0,0,1,,4.26,28.1,
McNeil, Jeff,643446,2018,1,7,1,0,0,0,0,0,7,0,0,0,,4.09,27.8,
Tauchman, Mike,643565,2018,0,1,0,0,0,0,0,0,1,0,0,0,1,4.17,28.9,
White, Tyler,643603,2018,1,0,1,0,0,0,0,0,0,0,0,0,,4.55,25.8,
Orf, Nate,644337,2018,0,1,0,0,0,0,0,0,1,0,0,0,,,27.3,
Alcantara, Sandy,645261,2018,0,0,0,0,0,0,0,0,0,0,0,0,,,,
Albies, Ozzie,645277,2018,3,14,2,1,0,1,0,0,12,1,1,1,22,4.07,28.7,
Robles, Victor,645302,2018,2,3,2,0,0,2,0,0,2,1,0,2,7,,29.3,
Devers, Rafael,646240,2018,2,5,2,0,0,2,0,0,4,1,0,2,,4.31,27.3,
Diaz, Aledmys,649557,2018,4,3,4,0,0,1,0,0,2,1,0,1,,4.3,28.0,
Urias, Luis,649966,2018,0,1,0,0,0,0,0,0,1,0,0,0,,4.29,28.0,
Torres, Gleyber,650402,2018,2,6,2,0,0,2,1,0,5,1,0,3,,4.36,27.1,
Diaz, Yandy,650490,2018,0,0,0,0,0,0,0,0,0,0,0,0,,4.44,27.6,
Viloria, Meibrys,650619,2018,0,0,0,0,0,0,0,0,0,0,0,0,,,25.5,
Allen, Greg,656185,2018,4,21,3,0,1,0,0,0,19,1,1,0,22,4.14,29.0,
Chapman, Matt,656305,2018,2,1,2,0,0,0,1,0,0,1,0,1,6,4.36,28.4,
Flaherty, Jack,656427,2018,0,0,0,0,0,0,0,0,0,0,0,0,,4.38,26.1,
Hoskins, Rhys,656555,2018,3,5,2,1,0,1,0,0,4,1,0,1,,4.56,26.3,
Luplow, Jordan,656669,2018,2,2,1,0,1,0,0,0,2,0,0,0,,4.34,28.7,
Mullins II, Cedric,656775,2018,3,2,3,0,0,1,0,0,2,0,0,1,18,4.05,29.4,
Newcomb, Sean,656794,2018,0,0,0,0,0,0,0,0,0,0,0,0,,,23.6,
Nix, Jacob,656798,2018,0,0,0,0,0,0,0,0,0,0,0,0,,,,
O'Hearn, Ryan,656811,2018,0,0,0,0,0,0,0,0,0,0,0,0,,4.55,27.0,
Schwarber, Kyle,656941,2018,3,4,3,0,0,0,0,0,4,0,0,0,,4.29,27.1,
Toussaint, Touki,657053,2018,0,0,0,0,0,0,0,0,0,0,0,0,,,,
Verdugo, Alex,657077,2018,0,0,0,0,0,0,0,0,0,0,0,0,,4.24,27.4,
DeJong, Paul,657557,2018,1,1,1,0,0,0,0,0,1,0,0,0,,4.36,28.3,
Laureano, Ramon,657656,2018,1,7,1,0,0,0,0,0,7,0,0,0,5,4.1,29.1,
Lee, Braxton,657658,2018,0,0,0,0,0,0,0,0,0,0,0,0,2,,28.5,
Moncada, Yoan,660162,2018,6,12,6,0,0,1,0,0,12,0,0,1,20,4.2,28.7,
Ohtani, Shohei,660271,2018,4,10,2,2,0,1,0,0,8,2,0,1,1,4.07,28.4,
Acuna Jr., Ronald,660670,2018,5,16,3,2,0,3,0,0,16,0,0,3,49,4.1,29.7,
Tucker, Kyle,663656,2018,1,1,1,0,0,0,0,0,1,0,0,0,,,26.4,
Happ, Ian,664023,2018,4,8,3,1,0,1,0,0,7,1,0,1,,4.31,27.7,
Lowe, Brandon,664040,2018,1,2,1,0,0,1,0,0,2,0,0,1,,4.23,27.4,
Bader, Harrison,664056,2018,3,15,2,1,0,4,0,0,13,2,0,4,66,4.07,30.1,
Stevenson, Andrew,664057,2018,1,1,1,0,0,0,0,0,1,0,0,0,5,4.16,29.0,
Fletcher, David,664058,2018,0,3,0,0,0,0,0,0,2,1,0,0,,4.24,28.1,
Kingery, Scott,664068,2018,3,10,3,0,0,0,0,0,10,0,0,0,20,4.1,29.4,
Trahan, Blake,664167,2018,0,0,0,0,0,0,0,0,0,0,0,0,,,27.3,
Lucchesi, Joey,664192,2018,0,0,0,0,0,0,0,0,0,0,0,0,,,23.8,
Straw, Myles,664702,2018,0,2,0,0,0,0,0,0,2,0,0,0,3,,30.1,
Soto, Juan,665742,2018,2,5,2,0,0,4,0,0,3,2,0,4,,4.21,27.2,
Garcia, Adolis,666969,2018,0,0,0,0,0,0,0,0,0,0,0,0,3,,29.7,
Gurriel Jr., Lourdes,666971,2018,2,1,2,0,0,1,0,0,1,0,0,1,,4.29,28.0,
Richards, Trevor,670950,2018,0,0,0,0,0,0,0,0,0,0,0,0,,,25.0,
Colon, Bartolo,112526,2017,0,0,0,0,0,0,0,0,0,0,0,0,,,,
Beltre, Adrian,134181,2017,0,1,0,0,0,0,0,0,1,0,0,0,,4.72,24.2,
Beltran, Carlos,136860,2017,0,0,0,0,0,0,0,0,0,0,0,0,,4.48,25.3,
Werth, Jayson,150029,2017,3,4,1,2,0,0,1,0,3,1,0,1,,4.6,25.6,
Arroyo, Bronson,276520,2017,0,0,0,0,0,0,0,0,0,0,0,0,,,,
Dickey, R.A.,285079,2017,0,0,0,0,0,0,0,0,0,0,0,0,,4.87,23.8,
Suzuki, Ichiro,400085,2017,1,1,1,0,0,1,0,0,1,0,0,1,,4.09,27.0,
Martinez, Victor,400121,2017,0,0,0,0,0,0,0,0,0,0,0,0,,4.91,22.6,
Utley, Chase,400284,2017,1,6,1,0,0,0,0,0,6,0,0,0,,4.23,27.6,
Pujols, Albert,405395,2017,0,3,0,0,0,0,0,0,2,1,0,0,,5.11,21.8,
Lackey, John,407793,2017,1,1,0,1,0,0,1,0,1,0,0,1,,,21.9,
Holliday, Matt,407812,2017,0,1,0,0,0,1,0,0,1,0,0,1,,4.59,25.9,
Mauer, Joe,408045,2017,1,2,1,0,0,0,0,0,2,0,0,0,1,4.53,26.1,
Cabrera, Miguel,408234,2017,1,0,1,0,0,0,0,0,0,0,0,0,,4.87,24.8,
Gonzalez, Adrian,408236,2017,1,0,1,0,0,0,0,0,0,0,0,0,,4.88,23.6,
Phillips, Brandon,408252,2017,8,11,7,1,0,2,1,0,7,4,0,3,,4.59,25.9,
Reyes, Jose,408314,2017,6,24,3,3,0,2,1,0,19,5,0,3,1,4.2,27.4,
Peralta, Jhonny,425509,2017,0,0,0,0,0,0,0,0,0,0,0,0,,4.66,25.9,
Mathis, Jeff,425772,2017,0,1,0,0,0,0,0,0,1,0,0,0,,4.61,25.8,
Choo, Shin-Soo,425783,2017,3,12,3,0,0,0,0,0,11,1,0,0,,4.44,26.2,
Rivera, Rene,425784,2017,1,0,1,0,0,0,0,0,0,0,0,0,,4.84,24.9,
Wainwright, Adam,425794,2017,0,0,0,0,0,0,0,0,0,0,0,0,,,25.4,
Greinke, Zack,425844,2017,0,0,0,0,0,0,0,0,0,0,0,0,,,23.9,
Molina, Yadier,425877,2017,4,9,3,1,0,0,0,0,5,4,0,0,,4.81,23.7,
Cano, Robinson,429664,2017,0,1,0,0,0,0,0,0,1,0,0,0,,4.61,24.1,
Encarnacion, Edwin,429665,2017,0,2,0,0,0,0,0,0,2,0,0,0,,4.75,24.4,
Hardy, J.J.,429666,2017,1,0,1,0,0,0,0,0,0,0,0,0,,4.62,26.1,
Gutierrez, Franklin,429711,2017,1,0,1,0,0,0,0,0,0,0,0,0,,4.87,24.7,
Jackson, Edwin,429719,2017,0,0,0,0,0,0,0,0,0,0,0,0,,,,
Santana, Ervin,429722,2017,0,0,0,0,0,0,0,0,0,0,0,0,,,23.5,
Weeks Jr., Rickie,430001,2017,0,1,0,0,0,0,0,0,0,1,0,0,1,4.38,27.1,
Raburn, Ryan,430605,2017,1,0,1,0,0,0,0,0,0,0,0,0,,4.52,27.1,
Bautista, Jose,430832,2017,3,6,2,1,0,0,0,0,5,1,0,0,,4.75,25.5,
Cain, Matt,430912,2017,0,0,0,0,0,0,0,0,0,0,0,0,,,22.7,
Jones, Adam,430945,2017,1,2,1,0,0,0,0,0,1,1,0,0,,4.48,27.0,
Aybar, Erick,430947,2017,4,11,4,0,0,0,0,0,11,0,0,0,,4.37,26.6,
Hill, Aaron,431094,2017,0,0,0,0,0,0,0,0,0,0,0,0,,4.27,27.3,
Martin, Russell,431145,2017,2,1,2,0,0,0,1,0,1,0,0,1,,4.72,25.5,
Blanco, Andres,433217,2017,0,1,0,0,0,0,0,0,1,0,0,0,,4.57,26.3,
Granderson, Curtis,434158,2017,2,6,2,0,0,1,0,0,5,1,0,1,,4.27,26.9,
Ruiz, Carlos,434563,2017,0,1,0,0,0,0,0,0,1,0,0,0,,4.58,25.6,
Soto, Geovany,434567,2017,0,0,0,0,0,0,0,0,0,0,0,0,1,,25.6,
Morse, Michael,434604,2017,0,0,0,0,0,0,0,0,0,0,0,0,,,23.9,
Davis, Rajai,434658,2017,7,29,6,1,0,2,1,0,24,5,0,3,43,4.03,29.7,
Ramirez, Hanley,434670,2017,3,1,3,0,0,0,0,0,1,0,0,0,,4.62,26.1,
Morales, Kendrys,434778,2017,0,0,0,0,0,0,0,0,0,0,0,0,,4.96,23.4,
Kendrick III, Howie,435062,2017,5,12,4,1,0,0,0,0,11,1,0,0,,4.49,26.7,
Napoli, Mike,435063,2017,2,1,2,0,0,0,0,0,1,0,0,0,,4.77,25.2,
Kinsler, Ian,435079,2017,5,14,5,0,0,1,1,0,12,2,0,2,,4.4,26.9,
McCarthy, Brandon,435221,2017,0,0,0,0,0,0,0,0,0,0,0,0,,,24.1,
McCann, Brian,435263,2017,0,1,0,0,0,0,0,0,1,0,0,0,,5.03,22.8,
Walker, Neil,435522,2017,2,0,1,0,1,0,0,0,0,0,0,0,,4.46,26.2,
Suzuki, Kurt,435559,2017,0,0,0,0,0,0,0,0,0,0,0,0,,4.66,25.7,
Desmond, Ian,435622,2017,4,15,4,0,0,1,0,0,14,1,0,1,3,4.34,27.7,
Cruz Jr., Nelson,443558,2017,1,1,1,0,0,0,0,0,1,0,0,0,,4.7,25.5,
Jaso, John,444379,2017,1,1,1,0,0,0,0,0,1,0,0,0,,4.53,26.4,
Trumbo, Mark,444432,2017,0,1,0,0,0,0,0,0,1,0,0,0,,4.65,26.5,
Peralta, David,444482,2017,4,8,3,1,0,1,0,0,5,3,0,1,,4.3,27.4,
Pina, Manny,444489,2017,0,2,0,0,0,0,0,0,2,0,0,0,,4.63,25.7,
Ethier, Andre,444843,2017,0,0,0,0,0,0,0,0,0,0,0,0,,4.42,25.9,
Feldman, Scott,444857,2017,0,0,0,0,0,0,0,0,0,0,0,0,,,,
Escobar, Alcides,444876,2017,7,4,6,1,0,1,0,0,4,0,0,1,2,4.36,27.6,
Jay, Jon,445055,2017,2,6,2,0,0,1,0,0,5,1,0,1,,4.45,26.3,
Prado, Martin,445988,2017,0,0,0,0,0,0,0,0,0,0,0,0,,4.6,25.8,
Duda, Lucas,446263,2017,0,0,0,0,0,0,0,0,0,0,0,0,,4.68,25.6,
Wieters, Matt,446308,2017,0,1,0,0,0,0,0,0,1,0,0,0,,4.71,24.8,
Longoria, Evan,446334,2017,1,6,1,0,0,0,0,0,4,2,0,0,,4.38,27.1,
Cozart, Zack,446359,2017,0,3,0,0,0,0,0,1,3,0,0,1,,4.45,25.9,
Barney, Darwin,446381,2017,2,7,2,0,0,0,0,0,7,0,0,0,,4.39,27.4,
Guyer, Brandon,446386,2017,0,2,0,0,0,1,0,0,2,0,0,1,,4.31,27.9,
Rodriguez, Sean,446481,2017,0,1,0,0,0,1,0,0,1,0,0,1,,4.6,26.5,
Lobaton, Jose,446653,2017,0,0,0,0,0,0,1,0,0,0,0,1,,4.79,23.4,
Hill, Rich,448179,2017,0,0,0,0,0,0,0,0,0,0,0,0,,4.67,25.0,
Reynolds, Mark,448602,2017,1,2,1,0,0,0,0,0,1,1,0,0,,4.76,24.5,
Ruggiano, Justin,448605,2017,1,1,1,0,0,0,0,0,1,0,0,0,,,26.0,
Davis, Chris,448801,2017,1,1,1,0,0,0,0,0,1,0,0,0,,4.67,25.1,
Garcia, Jaime,448802,2017,0,0,0,0,0,0,0,0,0,0,0,0,,4.59,24.7,
Guerra, Junior,448855,2017,0,0,0,0,0,0,0,0,0,0,0,0,,,,
Aviles, Mike,449107,2017,0,0,0,0,0,0,0,0,0,0,0,0,,4.35,27.8,
Orlando, Paulo,449181,2017,1,1,1,0,0,0,0,0,1,0,0,0,6,4.3,28.4,
Volquez, Edinson,450172,2017,0,0,0,0,0,0,0,0,0,0,0,0,,,21.4,
Weaver, Jered,450308,2017,0,0,0,0,0,0,0,0,0,0,0,0,,,,
Zobrist, Ben,450314,2017,2,2,1,1,0,1,1,0,2,0,0,2,,4.33,27.1,
Peterson, Shane,451089,2017,0,2,0,0,0,0,0,0,2,0,0,0,,4.2,28.1,
Adduci, James,451192,2017,1,1,1,0,0,0,0,0,1,0,0,0,1,4.12,28.9,
Fowler, Dexter,451594,2017,3,7,3,0,0,2,0,0,7,0,0,2,2,4.26,28.1,
Flowers, Tyler,452095,2017,1,0,0,1,0,0,0,0,0,0,0,0,,4.52,25.7,
Headley, Chase,452104,2017,2,9,2,0,0,0,0,0,9,0,0,0,,4.69,25.3,
Drew, Stephen,452220,2017,0,0,0,0,0,0,0,0,0,0,0,0,,4.59,25.5,
Smith, Seth,452234,2017,0,2,0,0,0,0,0,0,0,1,1,0,1,4.42,26.4,
Lind, Adam,452252,2017,0,1,0,0,0,0,0,0,1,0,0,0,,4.63,24.8,
Pence, Hunter,452254,2017,3,2,3,0,0,0,0,0,2,0,0,0,,4.16,28.6,
Span, Denard,452655,2017,7,12,7,0,0,5,0,0,9,3,0,5,1,4.34,27.5,
Lester, Jon,452657,2017,0,1,0,0,0,0,0,0,1,0,0,0,,,23.1,
Hanigan, Ryan,452672,2017,0,0,0,0,0,0,0,0,0,0,0,0,,4.82,24.9,
Cabrera, Asdrubal,452678,2017,2,3,1,1,0,1,0,0,2,1,0,1,,4.66,25.2,
Ellsbury, Jacoby,453056,2017,3,22,3,0,0,2,0,0,22,0,0,2,4,4.27,28.0,
Tulowitzki, Troy,453064,2017,1,0,1,0,0,0,0,0,0,0,0,0,,4.56,25.6,
Robinson, Shane,453203,2017,0,2,0,0,0,0,0,0,1,1,0,0,1,4.17,29.1,
Stubbs, Drew,453211,2017,0,0,0,0,0,0,0,0,0,0,0,0,4,,29.3,
Scherzer, Max,453286,2017,0,0,0,0,0,0,0,0,0,0,0,0,,4.59,25.2,
Richard, Clayton,453385,2017,0,0,0,0,0,0,0,0,0,0,0,0,,,22.6,
Arrieta, Jake,453562,2017,0,0,0,0,0,0,0,0,0,0,0,0,,,23.3,
Blackmon, Charlie,453568,2017,10,14,10,0,0,5,2,0,12,2,0,7,9,4.22,28.2,
Blanco, Gregor,453923,2017,1,15,1,0,0,0,0,0,11,4,0,0,10,4.1,28.9,
Frazier, Todd,453943,2017,3,4,2,1,0,2,0,0,4,0,0,2,,4.47,26.6,
Ellis, A.J.,454560,2017,0,0,0,0,0,0,0,0,0,0,0,0,,4.87,24.1,
Iannetta, Chris,455104,2017,0,0,0,0,0,0,0,0,0,0,0,0,,4.66,25.9,
Maldonado, Martin,455117,2017,2,0,1,1,0,0,0,0,0,0,0,0,,4.86,24.8,
Chirinos, Robinson,455139,2017,0,1,0,0,0,0,0,0,1,0,0,0,,4.78,24.5,
Stewart, Chris,455755,2017,0,0,0,0,0,0,0,0,0,0,0,0,,4.62,25.9,
Young, Chris,455759,2017,2,3,2,0,0,2,0,0,2,1,0,2,,4.37,27.6,
Markakis, Nick,455976,2017,2,0,2,0,0,0,1,0,0,0,0,1,,4.49,25.9,
Pedroia, Dustin,456030,2017,3,4,2,1,0,1,0,0,4,0,0,1,,4.42,26.1,
Castillo, Welington,456078,2017,0,0,0,0,0,0,0,0,0,0,0,0,,4.65,24.9,
Nunez, Eduardo,456488,2017,7,24,6,1,0,2,0,0,20,4,0,2,31,4.17,27.8,
Cueto, Johnny,456501,2017,0,0,0,0,0,0,0,0,0,0,0,0,,4.65,25.9,
Pearce, Steve,456665,2017,0,0,0,0,0,0,0,0,0,0,0,0,,4.48,26.9,
Bailey, Homer,456701,2017,0,0,0,0,0,0,0,0,0,0,0,0,,,23.8,
Cain, Lorenzo,456715,2017,2,26,1,1,0,0,1,0,21,5,0,1,37,4.25,28.7,
Saltalamacchia, Jarrod,457454,2017,0,0,0,0,0,0,0,0,0,0,0,0,,,,
De Aza, Alejandro,457477,2017,0,1,0,0,0,0,0,0,1,0,0,0,,,27.6,
McCutchen, Andrew,457705,2017,5,11,3,2,0,3,1,0,9,2,0,4,19,4.3,28.9,
Jackson, Austin,457706,2017,1,3,1,0,0,0,0,0,3,0,0,0,,4.47,27.8,
Upton, Justin,457708,2017,5,14,5,0,0,1,0,0,12,2,0,1,6,4.35,28.3,
Maybin, Cameron,457727,2017,8,33,8,0,0,2,0,0,28,4,1,2,4,4.23,28.7,
Turner, Justin,457759,2017,1,7,1,0,0,0,1,0,5,2,0,1,,4.68,25.3,
Posey III, Buster,457763,2017,1,6,1,0,0,0,0,0,3,2,1,0,,4.7,24.5,
Espinosa, Danny,457787,2017,5,4,5,0,0,3,0,0,4,0,0,3,,4.28,27.5,
Bruce, Jay,457803,2017,1,1,1,0,0,0,1,0,1,0,0,1,,4.4,26.3,
Janish, Paul,457926,2017,0,0,0,0,0,0,0,0,0,0,0,0,,,25.7,
Votto, Joey,458015,2017,1,5,0,1,0,1,0,0,4,1,0,1,,4.77,24.9,
Coghlan, Chris,458085,2017,0,0,0,0,0,0,1,0,0,0,0,1,,4.4,26.3,
Rasmus, Colby,458675,2017,0,1,0,0,0,0,0,0,1,0,0,0,,4.36,27.2,
Lynn, Lance,458681,2017,0,0,0,0,0,0,0,0,0,0,0,0,,,23.3,
Gardner, Brett,458731,2017,5,23,4,1,0,0,1,0,21,2,0,1,34,4.04,28.8,
Young Jr., Eric,458913,2017,3,12,2,1,0,1,1,0,11,1,0,2,12,4.16,28.8,
Saunders, Michael,459431,2017,1,0,1,0,0,0,0,0,0,0,0,0,,4.29,27.5,
Joyce, Matt,459964,2017,1,4,1,0,0,0,0,0,3,1,0,0,,4.51,26.5,
Hundley, Nick,460026,2017,0,0,0,0,0,0,1,0,0,0,0,1,,4.59,26.0,
Pennington, Cliff,460060,2017,1,3,1,0,0,2,0,0,1,2,0,2,,4.35,26.7,
Braun, Ryan,460075,2017,4,12,3,1,0,0,0,0,11,1,0,0,,4.36,27.1,
Butera, Drew,460077,2017,0,0,0,0,0,0,0,0,0,0,0,0,,4.65,25.3,
Gordon, Alex,460086,2017,4,7,4,0,0,1,0,0,6,1,0,1,,4.5,26.2,
Gimenez, Chris,460269,2017,0,1,0,0,0,0,0,0,1,0,0,0,,4.75,24.9,
Gomez, Carlos,460576,2017,5,13,5,0,0,1,1,0,12,1,0,2,4,4.39,28.0,
Moss, Brandon,461235,2017,0,2,0,0,0,0,0,0,2,0,0,0,,4.47,26.4,
Kemp, Matt,461314,2017,2,0,2,0,0,0,0,0,0,0,0,0,,4.69,24.8,
Gonzalez, Gio,461829,2017,0,0,0,0,0,0,0,0,0,0,0,0,,,21.9,
Plouffe, Trevor,461858,2017,2,1,2,0,0,0,1,0,0,1,0,1,,4.49,26.9,
Romine, Andrew,461865,2017,4,6,4,0,0,0,0,0,5,1,0,0,,4.37,27.2,
Andrus, Elvis,462101,2017,10,25,7,3,0,0,2,0,18,7,0,2,1,4.35,27.3,
Cervelli, Francisco,465041,2017,2,0,2,0,0,0,0,0,0,0,0,0,,4.63,25.2,
Florimon, Pedro,465753,2017,0,0,0,0,0,0,0,0,0,0,0,0,1,,28.2,
Cabrera, Melky,466320,2017,2,1,2,0,0,0,0,0,1,0,0,0,,4.45,26.2,
Bonifacio, Emilio,466988,2017,0,0,0,0,0,0,0,0,0,0,0,0,5,,28.9,
Sandoval, Pablo,467055,2017,1,0,1,0,0,0,0,0,0,0,0,0,,4.52,25.3,
Ramos, Wilson,467092,2017,0,0,0,0,0,0,0,0,0,0,0,0,,4.87,22.7,
Nova, Ivan,467100,2017,0,0,0,0,0,0,0,0,0,0,0,0,,,20.6,
Santana, Carlos,467793,2017,1,5,1,0,0,0,0,0,4,1,0,0,,4.49,26.0,
Parra, Gerardo,467827,2017,5,2,5,0,0,0,0,0,0,2,0,0,,4.32,26.4,
Chacin, Jhoulys,468504,2017,0,1,0,0,0,0,0,1,1,0,0,1,,4.68,24.6,
Montero, Miguel,471083,2017,0,1,0,0,0,0,0,0,1,0,0,0,,4.91,23.3,
Gonzalez, Carlos,471865,2017,0,3,0,0,0,0,0,0,3,0,0,0,1,4.31,26.9,
Valbuena, Luis,472528,2017,2,0,2,0,0,0,0,0,0,0,0,0,,4.94,23.6,
Mercer, Jordy,474568,2017,4,0,4,0,0,1,0,0,0,0,0,1,1,4.34,27.5,
Worley, Vance,474699,2017,0,0,0,0,0,0,0,0,0,0,0,0,,,23.6,
Belt, Brandon,474832,2017,2,3,2,0,0,0,0,0,3,0,0,0,,4.34,26.8,
Carter, Chris,474892,2017,0,0,0,0,0,0,0,0,0,0,0,0,,4.71,26.4,
Van Slyke, Scott,475100,2017,0,1,0,0,0,1,0,0,1,0,0,1,,,27.0,
Alonso, Yonder,475174,2017,0,2,0,0,0,0,0,1,1,1,0,1,,4.88,24.6,
Wood, Travis,475243,2017,0,0,0,0,0,0,0,0,0,0,0,0,,,,
Flaherty, Ryan,475247,2017,0,0,0,0,0,0,0,0,0,0,0,0,,4.41,26.3,
Smoak, Justin,475253,2017,1,0,1,0,0,0,1,0,0,0,0,1,1,4.87,24.0,
Zimmerman, Ryan,475582,2017,0,1,0,0,0,0,0,0,1,0,0,0,,4.42,26.8,
Hellickson, Jeremy,476451,2017,0,0,0,0,0,0,0,0,0,0,0,0,,,23.5,
Lowrie, Jed,476704,2017,1,0,1,0,0,0,0,0,0,0,0,0,,4.5,26.6,
Alvarez, Pedro,476883,2017,0,0,0,0,0,0,0,0,0,0,0,0,,,26.4,
Kershaw, Clayton,477132,2017,0,0,0,0,0,0,0,0,0,0,0,0,,4.56,24.9,
Carrera, Ezequiel,485567,2017,1,10,1,0,0,2,1,0,9,1,0,3,1,4.16,28.1,
Avila, Alex,488671,2017,1,0,1,0,0,0,0,0,0,0,0,0,1,4.75,25.0,
Bourjos, Peter,488721,2017,4,5,3,1,0,1,1,0,5,0,0,2,33,4.06,30.0,
Brantley Jr., Michael,488726,2017,1,11,1,0,0,0,0,0,9,2,0,0,1,4.56,26.0,
Castro, Jason,488771,2017,0,0,0,0,0,0,0,0,0,0,0,0,,4.51,26.2,
d'Arnaud, Chase,488818,2017,1,5,1,0,0,0,0,0,5,0,0,0,,4.07,28.6,
Escobar, Yunel,488862,2017,4,1,2,2,0,0,0,0,0,1,0,0,,4.67,25.4,
Gosewisch, Tuffy,488912,2017,0,0,0,0,0,0,0,0,0,0,0,0,,,23.8,
Moore, Tyler,489138,2017,0,0,0,0,0,0,0,0,0,0,0,0,,4.62,26.1,
Morrison, Logan,489149,2017,0,2,0,0,0,0,1,0,2,0,0,1,,4.49,26.7,
Rosales, Adam,489267,2017,2,1,2,0,0,0,0,0,1,0,0,0,,4.34,28.3,
Garza, Matt,490063,2017,0,0,0,0,0,0,0,0,0,0,0,0,,4.47,25.2,
Hernandez, Gorkys,491676,2017,4,12,3,1,0,0,0,0,11,1,0,0,13,4.22,29.1,
Sucre, Jesus,491696,2017,0,2,0,0,0,0,1,0,2,0,0,1,,4.81,24.2,
Graterol, Juan,492802,2017,0,0,0,0,0,0,0,0,0,0,0,0,,5.07,22.9,
Martinez, Michael,492841,2017,1,0,1,0,0,0,0,0,0,0,0,0,,,27.2,
Aoki, Norichika,493114,2017,2,10,2,0,0,0,0,0,8,2,0,0,,4.08,27.2,
Cespedes, Yoenis,493316,2017,1,0,0,1,0,0,0,0,0,0,0,0,2,4.38,27.5,
Gurriel, Yuli,493329,2017,2,3,2,0,0,1,0,0,2,1,0,1,1,4.36,26.9,
Beckham, Gordon,493596,2017,0,1,0,0,0,0,0,0,1,0,0,0,1,,25.0,
Solarte, Yangervis,500208,2017,0,3,0,0,0,0,0,0,3,0,0,0,,4.74,24.7,
Rojas, Miguel,500743,2017,1,2,0,1,0,0,0,0,2,0,0,0,,4.39,27.0,
Quintana, Jose,500779,2017,0,0,0,0,0,0,0,0,0,0,0,0,,,,
Escobar, Eduardo,500871,2017,1,5,1,0,0,0,0,0,5,0,0,0,,4.25,27.6,
Martinez, Jose,500874,2017,0,4,0,0,0,1,0,0,4,0,0,1,,4.38,27.6,
Adrianza, Ehire,501303,2017,1,8,1,0,0,1,0,0,6,2,0,1,,4.3,27.1,
Lagares, Juan,501571,2017,3,7,2,0,1,0,0,0,6,1,0,0,2,4.27,28.6,
Almonte, Abraham,501659,2017,1,2,1,0,0,0,0,0,2,0,0,0,,4.26,28.5,
Freese, David,501896,2017,1,0,0,1,0,1,0,0,0,0,0,1,,4.43,26.0,
Davis, Khris,501981,2017,0,4,0,0,0,0,0,0,3,1,0,0,,4.73,26.5,
Marrero, Chris,502029,2017,0,0,0,0,0,0,0,0,0,0,0,0,,,25.3,
Locke, Jeff,502046,2017,0,0,0,0,0,0,0,0,0,0,0,0,,,,
Pham, Tommy,502054,2017,7,25,6,1,0,6,0,0,18,7,0,6,11,4.4,28.7,
Chisenhall, Lonnie,502082,2017,2,2,2,0,0,1,0,0,2,0,0,1,,4.44,26.5,
Presley, Alex,502100,2017,0,5,0,0,0,0,0,0,5,0,0,0,1,4.16,28.3,
Martinez, J.D.,502110,2017,0,4,0,0,0,0,0,0,3,1,0,0,,4.42,27.0,
Negron, Kristopher,502117,2017,0,0,0,0,0,0,0,0,0,0,0,0,3,,29.5,
Valencia, Danny,502143,2017,2,2,2,0,0,0,0,0,2,0,0,0,,4.48,27.0,
Huffman, Chad,502151,2017,0,0,0,0,0,0,0,0,0,0,0,0,,,26.9,
Samardzija, Jeff,502188,2017,0,0,0,0,0,0,0,0,0,0,0,0,,,22.0,
Leake, Mike,502190,2017,0,0,0,0,0,0,0,0,0,0,0,0,,4.5,27.2,
Reddick, Josh,502210,2017,3,7,3,0,0,0,0,0,4,3,0,0,,4.2,27.7,
Gentry, Craig,502226,2017,4,5,4,0,0,1,0,0,3,2,0,1,11,4.2,29.4,
Cahill, Trevor,502239,2017,0,0,0,0,0,0,0,0,0,0,0,0,,,20.0,
Freeman, Mike,502273,2017,0,0,0,0,0,0,0,0,0,0,0,0,,4.27,28.4,
Heisey, Chris,502317,2017,0,0,0,0,0,0,0,0,0,0,0,0,,4.37,27.7,
Dyson, Jarrod,502481,2017,7,28,4,3,0,0,1,0,27,1,0,1,30,4.1,28.2,
Murphy, Daniel,502517,2017,0,2,0,0,0,0,0,0,2,0,0,0,,4.39,26.2,
Gale, Rocky,502570,2017,0,0,0,0,0,0,0,0,0,0,0,0,,,,
Anderson, Chase,502624,2017,0,0,0,0,0,0,0,0,0,0,0,0,,,24.4,
Goldschmidt, Paul,502671,2017,5,18,5,0,0,0,1,0,12,5,1,1,,4.47,26.8,
Peralta, Wily,503449,2017,0,0,0,0,0,0,0,0,0,0,0,0,,,,
Gonzalez, Marwin,503556,2017,3,8,0,3,0,1,1,0,7,1,0,2,,4.31,26.7,
Darvish, Yu,506433,2017,0,0,0,0,0,0,0,0,0,0,0,0,,,,
Amarista, Alexi,506560,2017,0,1,0,0,0,1,0,0,1,0,0,1,,4.34,26.5,
Leon, Sandy,506702,2017,0,0,0,0,0,0,0,0,0,0,0,0,,4.73,23.8,
Sanchez, Adrian,506703,2017,2,0,1,1,0,1,0,0,0,0,0,1,,4.32,27.4,
Pena, Francisco,506747,2017,0,0,0,0,0,0,0,0,0,0,0,0,,,24.1,
Cardullo, Stephen,506924,2017,0,0,0,0,0,0,0,0,0,0,0,0,,,27.2,
Altuve, Jose,514888,2017,6,32,6,0,0,4,0,0,23,9,0,4,59,4.13,28.4,
Tejada, Ruben,514913,2017,0,0,0,0,0,0,0,0,0,0,0,0,,4.57,26.5,
Hernandez, Cesar,514917,2017,5,15,5,0,0,3,0,0,15,0,0,3,80,4.14,29.4,
Segura, Jean,516416,2017,8,22,8,0,0,2,0,0,19,3,0,2,9,4.25,27.1,
Castro, Starlin,516770,2017,0,2,0,0,0,0,0,0,2,0,0,0,,4.31,27.5,
Marte, Starling,516782,2017,4,21,4,0,0,3,1,0,20,0,1,4,26,4.12,28.9,
Sanchez, Hector,516949,2017,0,0,0,0,0,0,0,0,0,0,0,0,,,22.9,
Pirela, Jose,517369,2017,3,4,3,0,0,0,0,0,3,1,0,0,8,4.23,29.1,
Bettis, Chad,518452,2017,0,0,0,0,0,0,0,0,0,0,0,0,,,,
Blash, Jabari,518466,2017,2,1,2,0,0,2,0,0,1,0,0,2,,4.5,27.6,
Bumgarner, Madison,518516,2017,0,0,0,0,0,0,1,0,0,0,0,1,,,,
Centeno, Juan,518542,2017,0,0,0,0,0,0,0,0,0,0,0,0,,,25.9,
Colon, Christian,518568,2017,0,0,0,0,0,0,0,0,0,0,0,0,,4.63,25.7,
Culberson, Charlie,518586,2017,0,0,0,0,0,0,0,0,0,0,0,0,,,28.6,
d'Arnaud, Travis,518595,2017,0,0,0,0,0,0,0,0,0,0,0,0,,4.55,26.7,
Descalso, Daniel,518614,2017,0,4,0,0,0,0,0,0,4,0,0,0,,4.28,27.2,
Dietrich, Derek,518618,2017,1,0,1,0,0,0,0,0,0,0,0,0,,4.26,27.3,
Donaldson, Josh,518626,2017,2,2,2,0,0,1,0,0,2,0,0,1,,4.48,26.3,
Eibner, Brett,518649,2017,0,0,0,0,0,0,0,0,0,0,0,0,,,27.7,
Freeman, Freddie,518692,2017,5,8,5,0,0,2,0,0,8,0,0,2,,4.43,26.5,
Fryer, Eric,518700,2017,0,0,0,0,0,0,0,0,0,0,0,0,,4.31,27.9,
Grandal, Yasmani,518735,2017,1,0,1,0,0,0,0,0,0,0,0,0,,4.86,24.0,
Harvey, Matt,518774,2017,0,0,0,0,0,0,0,0,0,0,0,0,,,20.9,
Heyward, Jason,518792,2017,4,4,3,1,0,0,1,0,4,0,0,1,,4.34,27.0,
Kozma, Pete,518902,2017,1,0,1,0,0,0,0,0,0,0,0,0,,,27.7,
LeMahieu, DJ,518934,2017,5,6,5,0,0,0,0,0,4,2,0,0,,4.5,27.1,
Lucroy, Jonathan,518960,2017,0,1,0,0,0,0,0,0,1,0,0,0,,4.69,25.1,
Mesoraco, Devin,519023,2017,0,1,0,0,0,0,0,0,1,0,0,0,,4.51,25.7,
Middlebrooks, Will,519025,2017,0,0,0,0,0,0,1,0,0,0,0,1,,,27.3,
Moncrief, Carlos,519037,2017,0,0,0,0,0,0,0,0,0,0,0,0,,,27.0,
Moore, Matt,519043,2017,0,0,0,0,0,0,0,0,0,0,0,0,,,23.4,
Moreland, Mitch,519048,2017,1,0,1,0,0,0,0,0,0,0,0,0,,4.36,25.6,
Moustakas, Mike,519058,2017,0,0,0,0,0,0,1,0,0,0,0,1,,4.81,23.8,
Navarro, Efren,519068,2017,1,0,1,0,0,0,0,0,0,0,0,0,,,25.0,
Nelson, Jimmy,519076,2017,0,0,0,0,0,0,0,0,0,0,0,0,,4.66,24.1,
Norris, Derek,519083,2017,0,1,0,0,0,0,0,0,1,0,0,0,,4.43,27.1,
Revere, Ben,519184,2017,6,21,6,0,0,0,0,0,18,3,0,0,5,4.23,27.6,
Rizzo, Anthony,519203,2017,4,10,2,2,0,1,1,0,7,3,0,2,,4.58,25.7,
Romine, Austin,519222,2017,0,0,0,0,0,0,0,0,0,0,0,0,,4.46,26.5,
Rupp, Cameron,519237,2017,0,1,0,0,0,0,2,0,0,1,0,2,,4.83,24.9,
Smolinski, Jake,519295,2017,0,0,0,0,0,0,0,0,0,0,0,0,,,27.6,
Sogard, Eric,519299,2017,3,3,2,1,0,1,0,0,1,2,0,1,,4.26,26.7,
Souza Jr., Steven,519306,2017,4,16,4,0,0,1,1,0,9,7,0,2,11,4.26,29.0,
Stanton, Giancarlo,519317,2017,2,2,2,0,0,0,0,0,2,0,0,0,,4.5,27.8,
Szczur, Matt,519333,2017,2,0,2,0,0,0,0,0,0,0,0,0,,4.17,28.4,
Thames, Eric,519346,2017,2,4,2,0,0,0,0,0,4,0,0,0,,4.24,27.2,
Vogt, Stephen,519390,2017,1,0,1,0,0,0,0,0,0,0,0,0,,4.55,25.5,
Galvis, Freddy,520471,2017,5,14,2,2,1,2,0,1,12,2,0,3,,4.29,27.3,
Perez, Salvador,521692,2017,0,1,0,0,0,0,0,0,1,0,0,0,,4.74,25.5,
Forsythe, Logan,523253,2017,2,3,2,0,0,1,0,0,3,0,0,1,,4.47,27.5,
Flores, Wilmer,527038,2017,1,1,0,1,0,0,0,0,1,0,0,0,,4.56,25.7,
Marte, Jefry,527043,2017,0,1,0,0,0,0,0,0,0,1,0,0,,4.45,27.7,
Puello, Cesar,527049,2017,0,2,0,0,0,0,0,0,1,1,0,0,,4.4,27.8,
Teheran, Julio,527054,2017,0,0,0,0,0,0,0,0,0,0,0,0,,,23.0,
Adleman, Tim,534947,2017,0,0,0,0,0,0,0,0,0,0,0,0,,,23.6,
Nava, Daniel,537953,2017,0,1,0,0,0,0,0,0,1,0,0,0,,4.67,26.0,
Garcia, Avisail,541645,2017,3,5,1,0,2,0,0,1,5,0,0,1,27,4.28,29.1,
Perez, Hernan,541650,2017,4,13,4,0,0,2,1,0,7,6,0,3,2,4.21,28.4,
Perez, Carlos,542208,2017,0,0,0,0,0,0,0,0,0,0,0,0,,,23.7,
Inciarte, Ender,542255,2017,9,22,9,0,0,2,0,0,16,6,0,2,,4.15,27.1,
Ozuna, Marcell,542303,2017,3,1,3,0,0,0,0,0,1,0,0,0,2,4.39,27.8,
Villar, Jonathan,542340,2017,8,23,6,2,0,4,2,0,16,7,0,6,,4.16,27.9,
Adames, Cristhian,542436,2017,0,0,0,0,0,0,0,0,0,0,0,0,,,,
Santana, Danny,542454,2017,0,7,0,0,0,0,0,0,5,2,0,0,5,4.23,27.9,
Telis, Tomas,542513,2017,0,0,0,0,0,0,0,0,0,0,0,0,,4.5,26.2,
Aguilar, Jesus,542583,2017,0,0,0,0,0,0,1,0,0,0,0,1,,4.76,24.5,
Liriano, Rymer,542642,2017,0,1,0,0,0,0,0,0,1,0,0,0,,4.35,28.3,
Anderson, Tyler,542881,2017,0,0,0,0,0,0,0,0,0,0,0,0,,,,
Bandy, Jett,542908,2017,0,1,0,0,0,0,0,0,1,0,0,0,,4.94,23.8,
Beckham, Tim,542921,2017,5,6,5,0,0,1,0,0,6,0,0,1,,4.37,28.1,
Brantly, Rob,542963,2017,0,0,0,0,0,0,0,0,0,0,0,0,,,24.2,
Broxton, Keon,542979,2017,7,21,5,1,1,1,0,1,20,1,0,2,43,4.06,29.9,
Chatwood, Tyler,543022,2017,0,0,0,0,0,0,0,0,0,0,0,0,,4.68,25.2,
Cole, Gerrit,543037,2017,0,0,0,0,0,1,0,0,0,0,0,1,,,21.2,
Coleman, Dusty,543038,2017,0,1,0,0,0,0,0,0,1,0,0,0,,,27.9,
Conley, Adam,543045,2017,0,0,0,0,0,0,0,0,0,0,0,0,,,25.8,
Crawford, Brandon,543063,2017,5,3,3,2,0,1,0,0,3,0,0,1,,4.41,25.9,
Cron, C.J.,543068,2017,2,3,2,0,0,0,0,0,3,0,0,0,,4.64,25.8,
Davis, Taylor,543089,2017,0,0,0,0,0,0,0,0,0,0,0,0,,,25.8,
Decker, Jaff,543094,2017,1,1,1,0,0,1,0,0,1,0,0,1,,,26.1,
Federowicz, Tim,543148,2017,0,0,0,0,0,0,0,0,0,0,0,0,,,,
Giavotella, Johnny,543213,2017,0,1,0,0,0,0,0,0,1,0,0,0,,,,
Gillaspie, Conor,543216,2017,0,0,0,0,0,0,0,0,0,0,0,0,,4.59,25.5,
Gomes, Yan,543228,2017,0,0,0,0,0,0,0,0,0,0,0,0,,4.53,26.8,
Grossman, Robbie,543257,2017,1,3,1,0,0,1,0,0,3,0,0,1,,4.27,27.9,
Harrison, Josh,543281,2017,4,12,3,1,0,1,0,0,12,0,0,1,1,4.3,27.6,
Hendricks, Kyle,543294,2017,0,0,0,0,0,0,0,0,0,0,0,0,,,24.0,
Herrmann, Chris,543302,2017,0,5,0,0,0,1,0,0,5,0,0,1,,4.25,27.1,
Hicks, Aaron,543305,2017,5,10,5,0,0,1,0,0,9,1,0,1,3,4.16,28.5,
Hicks, John,543308,2017,1,2,1,0,0,1,0,0,1,1,0,1,,4.4,27.2,
Higashioka, Kyle,543309,2017,0,0,0,0,0,0,0,0,0,0,0,0,,,25.2,
Hosmer, Eric,543333,2017,1,6,1,0,0,1,0,0,5,1,0,1,1,4.3,27.1,
Jimenez, A.J.,543362,2017,0,0,0,0,0,0,0,0,0,0,0,0,,,,
Joseph, Caleb,543376,2017,0,0,0,0,0,0,0,0,0,0,0,0,,4.63,25.9,
Kipnis, Jason,543401,2017,2,6,2,0,0,0,0,0,5,1,0,0,,4.33,27.2,
Koehler, Tom,543408,2017,0,0,0,0,0,0,0,0,0,0,0,0,,,,
Lavarnway, Ryan,543432,2017,0,0,0,0,0,0,0,0,0,0,0,0,,,,
Lyles, Jordan,543475,2017,0,0,0,0,0,0,0,0,0,0,0,0,,,23.2,
Mahtook, Mikie,543484,2017,0,6,0,0,0,0,1,0,5,1,0,1,10,4.2,28.9,
McCann, James,543510,2017,0,1,0,0,0,0,0,0,1,0,0,0,,4.59,26.7,
Miller, Brad,543543,2017,3,5,2,1,0,0,0,0,3,2,0,0,,4.29,27.7,
Milone, Tommy,543548,2017,0,0,0,0,0,0,0,0,0,0,0,0,,,,
Montgomery, Mike,543557,2017,0,0,0,0,0,0,0,0,0,0,0,0,,,25.3,
Nieuwenhuis, Kirk,543590,2017,0,0,0,0,0,0,0,0,0,0,0,0,,,26.7,
Ortiz, Danny,543611,2017,0,0,0,0,0,0,0,0,0,0,0,0,,,,
Rendon, Anthony,543685,2017,2,7,2,0,0,2,0,0,7,0,0,2,,4.27,27.5,
Roark, Tanner,543699,2017,0,0,0,0,0,0,0,0,0,0,0,0,,,23.3,
Robertson, Daniel,543706,2017,1,0,1,0,0,0,0,0,0,0,0,0,,4.24,27.9,
Rusin, Chris,543734,2017,0,0,0,0,0,0,0,0,0,0,0,0,,,,
Semien, Marcus,543760,2017,1,12,1,0,0,2,0,0,11,1,0,2,3,4.27,28.5,
Shaw, Travis,543768,2017,0,10,0,0,0,0,0,0,2,8,0,0,,4.52,25.6,
Springer III, George,543807,2017,7,5,6,1,0,2,0,0,4,1,0,2,4,4.3,28.0,
Strange-Gordon, Dee,543829,2017,16,60,13,3,0,3,1,0,54,6,0,4,122,3.89,29.4,
Vazquez, Christian,543877,2017,2,7,1,1,0,0,0,0,6,1,0,0,,4.49,25.9,
Wong, Kolten,543939,2017,2,8,1,1,0,1,2,0,7,1,0,3,2,4.18,27.5,
Gregorius, Didi,544369,2017,1,3,1,0,0,0,1,0,3,0,0,1,1,4.26,28.2,
Garcia, Leury,544725,2017,5,8,5,0,0,1,0,0,8,0,0,1,5,4.1,28.6,
Strasburg, Stephen,544931,2017,0,0,0,0,0,0,0,0,0,0,0,0,,,23.0,
Vargas, Ildemaro,545121,2017,0,0,0,0,0,0,0,0,0,0,0,0,,,26.2,
Fontana, Nolan,545337,2017,1,1,1,0,0,0,0,0,1,0,0,0,,,27.8,
Franklin, Nick,545338,2017,0,2,0,0,0,0,0,0,2,0,0,0,,4.37,26.4,
Grichuk, Randal,545341,2017,1,6,0,1,0,1,0,0,6,0,0,1,,4.33,28.5,
Marisnick, Jake,545350,2017,4,9,4,0,0,2,0,0,9,0,0,2,9,4.24,29.2,
Stassi, Max,545358,2017,0,0,0,0,0,0,0,0,0,0,0,0,,,26.7,
Trout, Mike,545361,2017,4,22,4,0,0,1,0,0,22,0,0,1,22,4.25,29.4,
Herrera, Odubel,546318,2017,5,8,4,1,0,2,0,1,8,0,0,3,5,4.15,27.3,
Almora Jr., Albert,546991,2017,0,1,0,0,0,0,0,0,1,0,0,0,,4.38,27.7,
Ruiz, Rio,547004,2017,0,1,0,0,0,0,0,0,1,0,0,0,,4.57,26.6,
Delmonico, Nicky,547170,2017,0,2,0,0,0,0,1,0,2,0,0,1,,4.39,27.6,
Wolters, Tony,547172,2017,1,0,0,1,0,0,0,0,0,0,0,0,,4.42,26.4,
Lorenzen, Michael,547179,2017,0,0,0,0,0,0,0,0,0,0,0,0,1,,29.3,
Harper, Bryce,547180,2017,2,4,1,1,0,0,0,0,4,0,0,0,,4.27,27.7,
Perez, Roberto,547379,2017,1,0,1,0,0,0,0,0,0,0,0,0,,4.8,24.8,
Ngoepe, Gift,547912,2017,0,0,0,0,0,0,0,0,0,0,0,0,,4.28,28.6,
Ryu, Hyun Jin,547943,2017,0,0,0,0,0,0,0,0,0,0,0,0,,,23.5,
Kim, Hyun Soo,547957,2017,0,0,0,0,0,0,0,0,0,0,0,0,,4.35,26.3,
Martin, Leonys,547982,2017,4,7,4,0,0,3,0,0,6,1,0,3,1,4.36,27.4,
Abreu, Jose,547989,2017,0,3,0,0,0,0,0,0,3,0,0,0,,4.53,26.8,
Diaz, Elias,553869,2017,0,1,0,0,0,0,0,0,1,0,0,0,,4.5,27.2,
Narvaez, Omar,553882,2017,0,0,0,0,0,0,0,0,0,0,0,0,,4.69,25.3,
Machado, Dixon,553988,2017,0,1,0,0,0,0,0,0,1,0,0,0,,4.4,27.7,
Suarez, Eugenio,553993,2017,5,4,5,0,0,3,0,1,4,0,0,4,,4.47,26.9,
Wheeler, Zack,554430,2017,0,0,0,0,0,0,0,0,0,0,0,0,,,24.2,
Polanco, Gregory,570256,2017,1,8,1,0,0,1,0,1,7,1,0,2,2,4.25,27.2,
Santana, Domingo,570267,2017,4,15,4,0,0,0,0,0,13,2,0,0,,4.45,27.2,
Gonzalez, Erik,570481,2017,2,1,2,0,0,0,0,0,1,0,0,0,,4.24,28.1,
Urshela, Gio,570482,2017,0,0,0,0,0,0,0,0,0,0,0,0,,4.4,26.5,
Alcantara, Arismendy,570489,2017,0,2,0,0,0,0,0,0,2,0,0,0,9,4.11,29.1,
Sanchez, Carlos,570560,2017,9,8,7,1,1,3,0,0,6,2,0,3,,4.19,28.5,
Urena, Jose,570632,2017,0,0,0,0,0,0,0,0,0,0,0,0,,,28.0,
Schoop, Jonathan,570731,2017,0,1,0,0,0,0,0,0,0,1,0,0,,4.47,27.6,
Villanueva, Christian,570799,2017,0,0,0,0,0,0,0,0,0,0,0,0,,,26.7,
Adams, Matt,571431,2017,0,0,0,0,0,0,1,0,0,0,0,1,,4.53,26.0,
Altherr, Aaron,571437,2017,4,5,4,0,0,1,0,0,5,0,0,1,1,4.4,28.9,
Arenado, Nolan,571448,2017,2,3,2,0,0,0,0,0,3,0,0,0,,4.58,25.6,
Barnhart, Tucker,571466,2017,0,4,0,0,0,0,0,0,4,0,0,0,,4.6,25.2,
Bour, Justin,571506,2017,0,1,0,0,0,1,0,0,1,0,0,1,,4.64,24.1,
Corbin, Patrick,571578,2017,0,0,0,0,0,0,0,0,0,0,0,0,,4.48,25.1,
Davidson, Matt,571602,2017,1,0,1,0,0,0,0,0,0,0,0,0,1,4.64,25.5,
Farmer, Kyle,571657,2017,0,0,0,0,0,0,0,0,0,0,0,0,,,26.2,
Freitas, David,571679,2017,0,0,0,0,0,0,0,0,0,0,0,0,,,24.2,
Fuentes, Rey,571681,2017,1,4,1,0,0,0,0,0,3,1,0,0,3,4.1,28.9,
Gennett, Scooter,571697,2017,2,3,2,0,0,0,1,0,3,0,0,1,,4.4,26.4,
Goodwin, Brian,571718,2017,0,6,0,0,0,0,1,0,6,0,0,1,,4.15,27.8,
Hamilton, Billy,571740,2017,13,59,9,4,0,5,1,0,47,12,0,6,114,3.9,30.2,
Haniger, Mitch,571745,2017,4,5,3,1,0,0,0,0,5,0,0,0,,4.34,28.0,
Hazelbaker, Jeremy,571757,2017,0,1,0,0,0,0,0,0,1,0,0,0,1,,28.7,
Hernandez, Enrique,571771,2017,0,3,0,0,0,0,0,0,1,1,1,0,,4.35,27.4,
Holt, Brock,571788,2017,1,2,1,0,0,0,0,0,2,0,0,0,,4.27,27.5,
Joseph, Tommy,571830,2017,0,1,0,0,0,0,1,0,1,0,0,1,,4.86,25.3,
Kelly, Ty,571841,2017,0,0,0,0,0,0,0,0,0,0,0,0,,4.18,28.5,
Lamb, Jake,571875,2017,4,6,4,0,0,1,0,0,6,0,0,1,,4.37,26.9,
Maile, Luke,571912,2017,0,1,0,0,0,0,1,0,1,0,0,1,,4.66,26.0,
Marrero, Deven,571918,2017,0,5,0,0,0,0,0,0,2,3,0,0,,4.46,27.4,
Matz, Steven,571927,2017,0,0,0,0,0,0,0,0,0,0,0,0,,,27.9,
Myers, Wil,571976,2017,6,20,4,1,1,4,0,0,17,2,1,4,5,4.27,28.6,
Naquin, Tyler,571980,2017,1,0,1,0,0,0,0,0,0,0,0,0,,4.37,27.4,
Ohlman, Mike,572000,2017,0,0,0,0,0,0,0,0,0,0,0,0,,,25.6,
Owings, Chris,572008,2017,2,12,1,1,0,2,0,0,9,3,0,2,2,4.14,28.4,
Phegley, Josh,572033,2017,1,0,1,0,0,1,0,0,0,0,0,1,,4.47,26.3,
Piscotty, Stephen,572039,2017,6,3,6,0,0,0,0,0,2,1,0,0,,4.44,26.7,
Pollock, AJ,572041,2017,6,19,5,1,0,1,0,0,13,7,0,1,,4.26,28.6,
Rickard, Joey,572073,2017,1,8,1,0,0,0,0,0,7,1,0,0,,4.18,28.4,
Schimpf, Ryan,572114,2017,0,0,0,0,0,0,0,0,0,0,0,0,,4.21,28.0,
Seager, Kyle,572122,2017,1,2,1,0,0,0,1,0,2,0,0,1,,4.47,26.0,
Susac, Andrew,572180,2017,0,0,0,0,0,0,0,0,0,0,0,0,,,,
Taylor, Michael A.,572191,2017,7,17,6,1,0,4,0,0,15,2,0,4,14,4.12,28.9,
Thompson, Trayce,572204,2017,0,0,0,0,0,0,0,0,0,0,0,0,,,28.2,
Vincej, Zach,572227,2017,0,0,0,0,0,0,0,0,0,0,0,0,,,,
Voit III, Luke,572228,2017,0,0,0,0,0,0,0,0,0,0,0,0,,4.62,26.1,
Walker, Christian,572233,2017,0,0,0,0,0,0,0,0,0,0,0,0,,,,
Zunino, Mike,572287,2017,0,1,0,0,0,0,1,0,1,0,0,1,,4.56,26.4,
Goins, Ryan,572365,2017,2,3,2,0,0,0,0,0,1,1,1,0,,4.45,26.6,
Adams, Lane,572669,2017,0,10,0,0,0,0,1,0,9,1,0,1,19,4.15,30.0,
Butler, Eddie,572750,2017,0,0,0,0,0,0,0,0,0,0,0,0,,,26.8,
Carpenter, Matt,572761,2017,1,2,1,0,0,1,1,0,2,0,0,2,,4.39,26.6,
Dickerson, Corey,572816,2017,3,4,2,1,0,0,0,0,3,1,0,0,,4.22,27.6,
Dozier, Brian,572821,2017,7,15,7,0,0,2,0,0,14,1,0,2,2,4.37,27.1,
Garneau, Dustin,572863,2017,0,0,0,0,0,0,1,0,0,0,0,1,,4.54,26.8,
Perkins, Cameron,573088,2017,0,0,0,0,0,0,0,0,0,0,0,0,,4.32,27.4,
Saladino, Tyler,573135,2017,4,5,3,1,0,0,0,0,3,2,0,0,,4.41,28.1,
Straily, Dan,573185,2017,0,0,0,0,0,0,0,0,0,0,0,0,,,23.5,
Vargas, Kennys,573627,2017,0,0,0,0,0,0,1,0,0,0,0,1,,4.7,25.1,
Segedin, Rob,574847,2017,0,0,0,0,0,0,0,0,0,0,0,0,,,25.2,
Contreras, Willson,575929,2017,4,5,4,0,0,1,0,0,5,0,0,1,1,4.28,27.9,
Gyorko, Jedd,576397,2017,2,6,2,0,0,1,0,0,6,0,0,1,,4.57,25.1,
Iglesias, Jose,578428,2017,4,7,4,0,0,1,0,0,7,0,0,1,1,4.16,27.8,
Travis, Devon,581527,2017,2,4,1,0,1,0,0,1,1,2,1,1,,4.38,27.5,
Hechavarria, Adeiny,588751,2017,1,4,1,0,0,0,0,0,3,1,0,0,1,4.33,28.1,
Torreyes, Ronald,591720,2017,0,2,0,0,0,0,0,0,1,1,0,0,1,4.21,28.3,
Osuna, Jose,591741,2017,0,0,0,0,0,1,0,0,0,0,0,1,2,4.46,27.2,
Valera, Breyvic,591971,2017,0,0,0,0,0,0,0,0,0,0,0,0,,,,
Garcia, Willy,591994,2017,0,0,0,0,0,0,0,0,0,0,0,0,,4.47,27.9,
Austin, Tyler,592122,2017,0,0,0,0,0,0,0,0,0,0,0,0,,,26.8,
Bryant, Kris,592178,2017,5,7,5,0,0,2,0,0,7,0,0,2,2,4.14,28.9,
Canha, Mark,592192,2017,0,2,0,0,0,0,0,0,1,0,1,0,,4.32,27.8,
Casali, Curt,592200,2017,0,0,0,0,0,0,0,0,0,0,0,0,,,,
Castellanos, Nick,592206,2017,5,4,5,0,0,2,0,0,3,1,0,2,,4.27,28.1,
Cowart, Kaleb,592230,2017,2,4,2,0,0,0,0,0,4,0,0,0,,4.39,27.4,
DeShields, Delino,592261,2017,8,29,7,1,0,2,0,0,21,8,0,2,83,3.97,30.1,
Drury, Brandon,592273,2017,1,1,1,0,0,0,0,0,1,0,0,0,1,4.4,27.2,
Foltynewicz, Mike,592314,2017,0,0,0,0,0,0,0,0,0,0,0,0,,,,
Gamel, Ben,592325,2017,1,4,1,0,0,0,0,0,4,0,0,0,7,4.18,28.4,
Goodrum, Niko,592348,2017,0,0,0,0,0,0,0,0,0,0,0,0,2,,28.2,
Gray, Jon,592351,2017,0,0,0,0,0,0,0,0,0,0,0,0,,,,
Healy, Ryon,592387,2017,1,0,1,0,0,0,0,0,0,0,0,0,,4.56,26.6,
Holaday, Bryan,592407,2017,0,0,0,0,0,0,0,0,0,0,0,0,,,25.5,
Hoying, Jared,592419,2017,0,3,0,0,0,0,0,0,3,0,0,0,6,4.12,29.3,
Jones, JaCoby,592444,2017,2,6,2,0,0,0,0,0,5,1,0,0,5,4.26,29.0,
Judge, Aaron,592450,2017,4,9,4,0,0,2,0,0,8,1,0,2,,4.5,28.0,
Machado, Manny,592518,2017,4,9,2,2,0,0,0,0,9,0,0,0,1,4.63,26.2,
Moran, Colin,592567,2017,0,0,0,0,0,0,0,0,0,0,0,0,,,24.5,
Nicholas, Brett,592592,2017,0,0,0,0,0,0,0,0,0,0,0,0,,,24.9,
Nicolino, Justin,592593,2017,0,0,0,0,0,0,0,0,0,0,0,0,,,22.5,
Parker, Jarrett,592620,2017,1,2,1,0,0,1,0,0,2,0,0,1,,4.28,27.8,
Pederson, Joc,592626,2017,3,4,2,0,1,1,0,1,4,0,0,2,,4.37,26.5,
Ray, Robbie,592662,2017,0,0,0,0,0,0,0,0,0,0,0,0,,,23.3,
Realmuto, J.T.,592663,2017,2,8,1,1,0,0,0,0,7,1,0,0,5,4.22,28.6,
Renfroe, Hunter,592669,2017,0,3,0,0,0,0,0,0,3,0,0,0,,4.38,27.2,
Robinson, Drew,592685,2017,2,0,2,0,0,1,0,0,0,0,0,1,,4.36,27.4,
Rosario, Eddie,592696,2017,8,9,5,1,2,0,0,0,8,1,0,0,,4.18,27.5,
Rutledge, Josh,592710,2017,0,1,0,0,0,0,0,0,1,0,0,0,4,4.22,29.0,
Simmons, Andrelton,592743,2017,6,19,5,1,0,3,1,0,15,4,0,4,,4.41,27.5,
Syndergaard, Noah,592789,2017,0,0,0,0,0,0,0,0,0,0,0,0,,,,
Taillon, Jameson,592791,2017,0,0,0,0,0,0,0,0,0,0,0,0,,,22.3,
Toles, Andrew,592808,2017,1,0,1,0,0,0,0,0,0,0,0,0,2,4.12,28.6,
Velasquez, Vince,592826,2017,0,0,0,0,0,0,0,0,0,0,0,0,,,24.6,
Walker, Taijuan,592836,2017,0,0,0,0,0,0,0,0,0,0,0,0,,4.48,26.8,
Williams, Mason,592863,2017,0,2,0,0,0,0,0,0,2,0,0,0,,,27.9,
Williams, Trevor,592866,2017,0,0,0,0,0,0,0,0,0,0,0,0,,,21.8,
Wojciechowski, Asher,592879,2017,0,0,0,0,0,0,0,0,0,0,0,0,,,,
Yelich, Christian,592885,2017,2,16,1,1,0,2,0,0,14,2,0,2,31,4.24,28.3,
Merrifield, Whit,593160,2017,8,34,6,1,1,2,0,0,26,8,0,2,14,4.22,29.2,
Martinez, Carlos,593372,2017,0,0,0,0,0,0,0,0,0,0,0,0,,4.58,25.2,
Bogaerts, Xander,593428,2017,1,15,0,1,0,0,0,0,12,3,0,0,,4.21,28.3,
Hernandez, Marco,593523,2017,1,0,1,0,0,0,0,0,0,0,0,0,1,4.03,28.3,
Calixte, Orlando,593525,2017,0,1,0,0,0,0,0,0,1,0,0,0,3,4.21,29.4,
Torres, Ramon,593527,2017,0,1,0,0,0,0,0,0,1,0,0,0,,4.19,28.4,
Bonifacio, Jorge,593528,2017,1,1,1,0,0,0,1,0,1,0,0,1,3,4.28,28.5,
Hanson, Alen,593700,2017,3,11,3,0,0,0,0,0,10,1,0,0,22,4,29.3,
Polanco, Jorge,593871,2017,5,13,4,1,0,3,1,0,13,0,0,4,13,4.15,28.5,
Sano, Miguel,593934,2017,0,0,0,0,0,0,0,0,0,0,0,0,,4.62,26.9,
May, Jacob,594576,2017,0,0,0,0,0,0,0,0,0,0,0,0,1,,28.8,
Difo, Wilmer,594694,2017,1,10,1,0,0,0,0,0,10,0,0,0,17,4.18,29.1,
Calhoun, Kole,594777,2017,1,5,0,0,1,0,0,1,5,0,0,1,1,4.52,26.4,
deGrom, Jacob,594798,2017,0,1,0,0,0,0,0,0,1,0,0,0,,4.32,26.9,
Duvall, Adam,594807,2017,3,5,3,0,0,0,0,0,5,0,0,0,,4.37,27.9,
Eaton, Adam,594809,2017,1,3,1,0,0,0,0,0,3,0,0,0,2,4.06,28.6,
Garcia, Greg,594824,2017,1,2,1,0,0,0,0,0,1,1,0,0,,4.25,27.6,
Gattis, Evan,594828,2017,1,0,1,0,0,0,0,0,0,0,0,0,,4.49,26.6,
Gosselin, Phil,594838,2017,1,0,0,0,1,0,0,0,0,0,0,0,3,4.22,28.5,
Lively, Ben,594902,2017,0,0,0,0,0,0,0,0,0,0,0,0,,,23.0,
Schebler, Scott,594988,2017,3,5,3,0,0,1,0,0,5,0,0,1,1,4.24,28.3,
Brugman, Jaycob,595144,2017,2,1,2,0,0,0,0,0,1,0,0,0,,4.29,27.2,
Eickhoff, Jerad,595191,2017,0,0,0,0,0,0,0,0,0,0,0,0,,,26.2,
Hannemann, Jacob,595238,2017,1,0,1,0,0,0,0,0,0,0,0,0,1,,29.4,
Kiermaier, Kevin,595281,2017,7,16,6,1,0,0,0,0,11,5,0,0,27,4.01,29.3,
Knapp, Andrew,595284,2017,0,1,0,0,0,0,1,0,1,0,0,1,,4.36,27.0,
Riddle, JT,595375,2017,2,0,0,0,2,1,0,0,0,0,0,1,,4.33,28.1,
Stassi, Brock,595426,2017,0,0,0,0,0,0,0,0,0,0,0,0,,4.42,27.0,
Wallach, Chad,595453,2017,0,0,0,0,0,0,0,0,0,0,0,0,,,,
Alfaro, Jorge,595751,2017,0,0,0,0,0,0,0,0,0,0,0,0,,4.35,28.1,
Profar, Jurickson,595777,2017,1,1,1,0,0,1,0,0,1,0,0,1,,,26.6,
Baez, Javier,595879,2017,3,10,3,0,0,1,0,0,8,1,1,1,5,4.24,28.5,
Bird, Greg,595885,2017,0,0,0,0,0,0,0,0,0,0,0,0,,4.67,25.0,
Cole, A.J.,595918,2017,0,0,0,0,0,0,0,0,0,0,0,0,,,,
Evans, Phillip,595943,2017,0,0,0,0,0,0,0,0,0,0,0,0,,,27.7,
Gallagher, Cam,595956,2017,0,0,0,0,0,0,0,0,0,0,0,0,,,24.1,
Hedges, Austin,595978,2017,1,4,0,0,1,0,0,0,4,0,0,0,,4.58,26.4,
Lindor, Francisco,596019,2017,3,15,3,0,0,1,1,0,14,1,0,2,1,4.23,28.0,
Odor, Rougned,596059,2017,6,15,5,1,0,1,0,0,13,2,0,1,5,4.17,28.1,
Peters, Dillon,596071,2017,0,0,0,0,0,0,0,0,0,0,0,0,,,,
Slater, Austin,596103,2017,0,0,0,0,0,0,0,0,0,0,0,0,,4.33,28.5,
Smith Jr., Dwight,596105,2017,0,1,0,0,0,0,0,0,0,1,0,0,,,27.4,
Stephenson, Robert,596112,2017,0,0,0,0,0,0,0,0,0,0,0,0,,,23.3,
Story, Trevor,596115,2017,2,7,2,0,0,1,0,0,7,0,0,1,47,4.18,29.3,
Vogelbach, Daniel,596129,2017,0,0,0,0,0,0,0,0,0,0,0,0,,,23.9,
Weaver, Luke,596133,2017,0,0,0,0,0,0,0,0,0,0,0,0,,,26.6,
Sanchez, Gary,596142,2017,1,2,1,0,0,0,0,0,2,0,0,0,,4.51,26.0,
Sardinas, Luis,596143,2017,0,1,0,0,0,0,0,0,1,0,0,0,,,26.7,
Cuthbert, Cheslor,596144,2017,0,0,0,0,0,0,0,0,0,0,0,0,,4.66,25.6,
Kepler, Max,596146,2017,1,6,1,0,0,1,0,0,6,0,0,1,3,4.23,28.0,
Franco, Maikel,596748,2017,0,0,0,0,0,0,1,0,0,0,0,1,,4.76,26.0,
Choi, Ji-Man,596847,2017,0,0,0,0,0,0,0,0,0,0,0,0,,,25.4,
Bradley Jr., Jackie,598265,2017,3,8,3,0,0,0,0,0,6,2,0,0,,4.29,27.5,
Motter, Taylor,600301,2017,1,12,1,0,0,1,0,0,12,0,0,1,,4.56,26.8,
La Stella, Tommy,600303,2017,0,0,0,0,0,0,0,0,0,0,0,0,,4.42,26.2,
Read, Raudy,600466,2017,0,0,0,0,0,0,0,0,0,0,0,0,,,,
Severino, Pedro,600474,2017,0,0,0,0,0,0,0,0,0,0,0,0,,,27.1,
Nunez, Renato,600524,2017,0,0,0,0,0,0,0,0,0,0,0,0,,,,
Candelario, Jeimer,600869,2017,0,0,0,0,0,0,0,0,0,0,0,0,,4.29,27.6,
Pivetta, Nick,601713,2017,0,0,0,0,0,0,0,0,0,0,0,0,,,24.7,
Ahmed, Nick,605113,2017,4,3,1,3,0,0,2,0,2,1,0,2,2,4.35,28.2,
Anderson, Brian,605119,2017,0,0,0,0,0,0,0,0,0,0,0,0,,4.56,26.7,
Asche, Cody,605125,2017,0,0,0,0,0,0,0,0,0,0,0,0,,,26.3,
Barnes, Austin,605131,2017,1,4,1,0,0,0,0,0,2,2,0,0,,4.42,27.2,
Bell, Josh,605137,2017,4,2,4,0,0,1,0,0,2,0,0,1,,4.39,27.2,
Betts, Mookie,605141,2017,3,26,3,0,0,1,0,0,21,5,0,1,6,4.21,27.9,
Caratini, Victor,605170,2017,0,0,0,0,0,0,0,0,0,0,0,0,,4.63,25.3,
Davies, Zach,605200,2017,0,0,0,0,0,0,0,0,0,0,0,0,,4.72,25.5,
Davis, J.D.,605204,2017,1,1,1,0,0,0,0,0,1,0,0,0,,4.55,26.9,
Featherston, Taylor,605227,2017,0,1,0,0,0,0,0,0,0,1,0,0,,,28.2,
Fisher, Derek,605233,2017,3,3,3,0,0,0,0,0,3,0,0,0,23,4.07,29.3,
Nola, Aaron,605400,2017,0,0,0,0,0,0,0,0,0,0,0,0,,4.75,24.6,
Panik, Joe,605412,2017,1,4,1,0,0,0,0,0,4,0,0,0,1,4.45,26.0,
Ross, Joe,605452,2017,0,0,0,0,0,0,0,0,0,0,0,0,,,27.6,
Smith, Mallex,605480,2017,5,16,3,1,1,3,0,0,14,2,0,3,62,4.01,30.1,
Spangenberg, Cory,605486,2017,3,11,2,1,0,3,0,0,8,2,1,3,17,4.14,28.7,
Tomlinson, Kelby,605509,2017,1,9,1,0,0,1,0,0,7,2,0,1,4,4.18,28.1,
Woodruff, Brandon,605540,2017,0,0,0,0,0,0,0,0,0,0,0,0,,,22.5,
Zimmer, Bradley,605548,2017,1,18,0,1,0,1,0,0,18,0,0,1,58,4.07,30.0,
Arcia, Orlando,606115,2017,7,14,5,2,0,1,0,0,11,3,0,1,,4.38,27.3,
Perdomo, Luis,606131,2017,0,0,0,0,0,0,0,0,0,0,0,0,4,,28.9,
Tapia, Raimel,606132,2017,2,5,1,1,0,0,1,0,5,0,0,1,18,4.05,29.4,
Montero, Rafael,606160,2017,0,0,0,0,0,0,0,0,0,0,0,0,,,23.4,
Hernandez, Teoscar,606192,2017,1,0,1,0,0,0,1,0,0,0,0,1,1,4.24,28.7,
Peraza, Jose,606299,2017,8,23,6,1,1,2,1,0,20,3,0,3,20,4.16,28.9,
Marte, Ketel,606466,2017,1,3,1,0,0,0,0,0,3,0,0,0,13,4.13,29.2,
Nimmo, Brandon,607043,2017,0,2,0,0,0,0,0,0,2,0,0,0,4,4.23,28.6,
Peterson, Jace,607054,2017,0,3,0,0,0,0,0,0,3,0,0,0,8,4.16,28.6,
Glasnow, Tyler,607192,2017,0,0,0,0,0,0,0,0,0,0,0,0,,,27.7,
Turner, Trea,607208,2017,8,46,7,1,0,4,0,0,32,14,0,4,98,4.09,30.4,
Romano, Sal,607219,2017,0,0,0,0,0,0,0,0,0,0,0,0,,,,
Gsellman, Robert,607229,2017,0,0,0,0,0,0,0,0,0,0,0,0,,,23.2,
Garrett, Amir,607237,2017,0,0,0,0,0,0,0,0,0,0,0,0,,,22.5,
Lopez, Raffy,607257,2017,0,0,0,0,0,0,0,0,0,0,0,0,,,24.9,
Smith, Kevan,607345,2017,0,0,0,0,0,0,0,0,0,0,0,0,,4.6,26.6,
Taijeron, Travis,607369,2017,0,0,0,0,0,0,1,0,0,0,0,1,,,26.2,
Collins, Tyler,607385,2017,4,0,3,1,0,0,0,0,0,0,0,0,,4.31,27.4,
Rua, Ryan,607387,2017,2,2,2,0,0,0,0,0,2,0,0,0,1,4.53,27.9,
Bostick, Christopher,607471,2017,1,0,1,0,0,0,0,0,0,0,0,0,,,28.4,
Freeland, Kyle,607536,2017,0,0,0,0,0,0,0,0,0,0,0,0,,,27.8,
Lugo, Seth,607625,2017,0,0,0,0,0,0,0,0,0,0,0,0,,4.49,26.2,
Pillar, Kevin,607680,2017,6,15,5,1,0,2,0,0,12,3,0,2,1,4.38,27.8,
Stallings, Jacob,607732,2017,0,0,0,0,0,0,0,0,0,0,0,0,,,25.5,
Travis, Sam,607752,2017,0,1,0,0,0,0,0,0,0,1,0,0,,4.42,27.1,
Williamson, Mac,607776,2017,1,1,1,0,0,0,0,0,1,0,0,0,,4.4,27.9,
Rivera, T.J.,608061,2017,0,1,0,0,0,0,0,0,1,0,0,0,,4.42,26.8,
Ramirez, Jose,608070,2017,5,17,4,1,0,2,0,0,13,4,0,2,,4.28,28.0,
Bregman, Alex,608324,2017,5,17,4,1,0,1,2,0,14,3,0,3,,4.36,27.6,
Cecchini, Gavin,608325,2017,1,0,1,0,0,0,0,0,0,0,0,0,,4.37,27.7,
Gallo, Joey,608336,2017,2,7,1,1,0,1,0,0,6,1,0,1,1,4.42,27.9,
Kelly, Carson,608348,2017,0,0,0,0,0,0,0,0,0,0,0,0,,4.72,25.7,
Russell, Addison,608365,2017,1,2,1,0,0,0,0,0,2,0,0,0,,4.21,28.2,
Seager, Corey,608369,2017,2,4,1,0,1,1,1,0,4,0,0,2,,4.48,26.9,
Sims, Lucas,608371,2017,0,0,0,0,0,0,0,0,0,0,0,0,,,,
Wacha, Michael,608379,2017,0,0,0,0,0,0,0,0,0,0,0,0,,4.46,25.5,
Williams, Nick,608384,2017,2,1,2,0,0,0,0,0,1,0,0,0,12,4.19,29.1,
Winker, Jesse,608385,2017,1,1,0,1,0,0,0,0,1,0,0,0,,4.54,25.8,
Marquez, German,608566,2017,0,0,0,0,0,0,0,0,0,0,0,0,,4.61,25.5,
Mazara, Nomar,608577,2017,2,2,2,0,0,1,0,0,2,0,0,1,1,4.34,27.0,
Murphy, Tom,608596,2017,0,0,0,0,0,0,0,0,0,0,0,0,,,26.4,
Jankowski, Travis,608671,2017,0,4,0,0,0,0,0,0,4,0,0,0,2,,27.8,
Johnson, Micah,608672,2017,0,1,0,0,0,0,0,0,1,0,0,0,,,,
Plawecki, Kevin,608700,2017,0,1,0,0,0,0,0,0,1,0,0,0,,4.55,25.9,
Refsnyder, Rob,608701,2017,1,4,1,0,0,0,0,0,3,1,0,0,,4.45,27.3,
Reynolds, Matt,608703,2017,1,0,1,0,0,0,0,0,0,0,0,0,,4.51,27.3,
Stratton, Chris,608717,2017,0,0,0,0,0,0,0,0,0,0,0,0,,,22.4,
Suter, Brent,608718,2017,0,0,0,0,0,0,0,0,0,0,0,0,,,27.4,
Mondesi, Adalberto,609275,2017,2,5,2,0,0,1,0,0,4,1,0,1,7,,29.3,
Garcia, Adonis,611177,2017,0,4,0,0,0,0,0,0,4,0,0,0,,4.48,26.3,
Cordero, Franchy,614173,2017,1,1,1,0,0,0,0,0,1,0,0,0,11,4.03,29.9,
Barreto, Franklin,620439,2017,0,2,0,0,0,0,0,0,2,0,0,0,2,,29.4,
Torrens, Luis,620443,2017,0,0,0,0,0,0,0,0,0,0,0,0,,4.57,26.8,
Urena, Richard,620446,2017,0,1,0,0,0,0,0,0,1,0,0,0,,,28.6,
Robertson, Daniel,621002,2017,1,1,1,0,0,0,0,0,1,0,0,0,,4.43,27.5,
Swanson, Dansby,621020,2017,3,3,3,0,0,1,0,0,3,0,0,1,5,4.19,28.7,
Taylor, Chris,621035,2017,4,17,3,1,0,2,0,0,12,4,1,2,15,4.18,29.0,
Correa, Carlos,621043,2017,1,2,1,0,0,1,1,0,2,0,0,2,,4.36,27.7,
Eflin, Zach,621107,2017,0,0,0,0,0,0,0,0,0,0,0,0,,,,
Blach, Ty,621389,2017,0,0,0,0,0,0,0,0,0,0,0,0,,,26.1,
Phillips, Brett,621433,2017,0,5,0,0,0,0,0,0,5,0,0,0,2,3.93,29.0,
Buxton, Byron,621439,2017,1,29,1,0,0,0,0,0,29,0,0,0,113,3.95,30.6,
Brinson, Lewis,621446,2017,0,1,0,0,0,0,0,0,1,0,0,0,4,4.24,29.2,
Powell, Boog,621471,2017,1,0,1,0,0,0,0,0,0,0,0,0,,4.21,28.1,
Nido, Tomas,621512,2017,0,0,0,0,0,0,0,0,0,0,0,0,,,,
Moroff, Max,621559,2017,1,0,1,0,0,1,0,0,0,0,0,1,1,4.17,28.1,
Wendle, Joey,621563,2017,0,0,0,0,0,0,0,0,0,0,0,0,,,27.8,
Olson, Matt,621566,2017,0,0,0,0,0,0,0,0,0,0,0,0,,4.72,24.3,
Wood, Alex,622072,2017,0,0,0,0,0,0,0,0,0,0,0,0,,,22.3,
Thompson, Jake,622097,2017,0,0,0,0,0,0,0,0,0,0,0,0,,,,
Maxwell, Bruce,622194,2017,0,0,0,0,0,0,0,0,0,0,0,0,,4.88,23.9,
Mejia, Alex,622270,2017,0,0,0,0,0,0,0,0,0,0,0,0,,4.45,27.2,
Bautista, Rafael,622441,2017,0,0,0,0,0,0,0,0,0,0,0,0,7,,28.8,
Castillo, Luis,622491,2017,0,0,0,0,0,0,0,0,0,0,0,0,,,25.1,
Gomez, Miguel,622497,2017,0,0,0,0,0,0,0,0,0,0,0,0,,,26.4,
Margot, Manuel,622534,2017,7,17,6,1,0,2,0,0,11,6,0,2,41,4.17,29.4,
Senzatela, Antonio,622608,2017,0,0,0,0,0,0,0,0,0,0,0,0,,,25.6,
Camargo, Johan,622666,2017,0,0,0,0,0,0,0,0,0,0,0,0,,4.37,26.7,
Flexen, Chris,623167,2017,0,0,0,0,0,0,0,0,0,0,0,0,,,,
Kivlehan, Patrick,623182,2017,2,1,1,1,0,0,0,0,1,0,0,0,,4.34,28.3,
Santander, Anthony,623993,2017,0,0,0,0,0,0,0,0,0,0,0,0,,,27.0,
Lin, Tzu-Wei,624407,2017,1,1,1,0,0,0,0,0,1,0,0,0,1,4.12,28.5,
Arroyo, Christian,624414,2017,2,1,2,0,0,0,0,0,1,0,0,0,,4.43,27.6,
Conforto, Michael,624424,2017,0,2,0,0,0,0,1,0,2,0,0,1,,4.33,27.7,
Frazier, Adam,624428,2017,5,9,5,0,0,1,0,0,7,2,0,1,,4.29,27.5,
Jones, Ryder,624507,2017,0,1,0,0,0,0,0,0,1,0,0,0,,4.4,27.3,
Puig, Yasiel,624577,2017,6,15,5,1,0,0,0,0,12,3,0,0,6,4.29,28.1,
Soler, Jorge,624585,2017,0,0,0,0,0,0,0,0,0,0,0,0,,4.51,27.7,
Gohara, Luiz,627894,2017,0,0,0,0,0,0,0,0,0,0,0,0,,,,
Maeda, Kenta,628317,2017,0,0,0,0,0,0,0,0,0,0,0,0,,,24.5,
Despaigne, Odrisamer,628333,2017,0,0,0,0,0,0,0,0,0,0,0,0,,,21.6,
Heredia, Guillermo,628338,2017,5,1,5,0,0,2,0,0,1,0,0,2,2,4.19,28.7,
Tomas, Yasmany,630111,2017,0,0,0,0,0,0,1,0,0,0,0,1,,4.55,26.9,
Ervin, Phillip,640447,2017,1,4,1,0,0,0,0,0,4,0,0,0,4,4.24,28.7,
Frazier, Jackson,640449,2017,0,1,0,0,0,0,0,0,1,0,0,0,,4.19,28.8,
Pinder, Chad,640461,2017,1,2,1,0,0,0,0,0,2,0,0,0,,4.42,27.7,
Anderson, Tim,641313,2017,1,15,1,0,0,2,0,0,10,5,0,2,23,4.23,28.8,
Asuaje, Carlos,641319,2017,1,0,1,0,0,0,0,0,0,0,0,0,,4.42,27.1,
Bellinger, Cody,641355,2017,3,10,3,0,0,1,0,0,8,2,0,1,13,4.08,28.9,
Calhoun, Willie,641432,2017,0,0,0,0,0,0,0,0,0,0,0,0,,4.7,25.4,
Crawford, J.P.,641487,2017,0,1,0,0,0,0,0,0,1,0,0,0,1,4.36,27.8,
Engel, Adam,641553,2017,1,8,1,0,0,0,0,0,8,0,0,0,68,4.05,30.5,
Garver, Mitch,641598,2017,0,0,0,0,0,0,0,0,0,0,0,0,,,27.3,
Kuhl, Chad,641771,2017,0,0,0,0,0,0,0,0,0,0,0,0,,,23.4,
Mancini III, Trey,641820,2017,0,1,0,0,0,0,0,0,1,0,0,0,,4.44,27.6,
McMahon, Ryan,641857,2017,0,0,0,0,0,0,0,0,0,0,0,0,,,25.8,
Sisco, Chance,642082,2017,0,0,0,0,0,0,0,0,0,0,0,0,,,26.0,
Smith, Dominic,642086,2017,0,0,0,0,0,0,0,0,0,0,0,0,,4.58,25.3,
Smith, Tyler,642094,2017,0,0,0,0,0,0,0,0,0,0,0,0,,,26.9,
Turner, Stuart,642156,2017,0,0,0,0,0,0,0,0,0,0,0,0,,4.79,25.5,
Valaika, Pat,642162,2017,0,0,0,0,0,0,0,0,0,0,0,0,,4.3,27.7,
Wade, Tyler,642180,2017,1,1,1,0,0,1,0,0,1,0,0,1,1,4.08,29.1,
Mejia, Francisco,642336,2017,0,0,0,0,0,0,0,0,0,0,0,0,,,27.5,
Sierra, Magneuris,642423,2017,2,2,2,0,0,1,0,0,2,0,0,1,15,3.91,30.6,
Cordoba, Allen,642707,2017,2,2,2,0,0,0,0,0,2,0,0,0,15,4.17,29.3,
Rosario, Amed,642708,2017,3,7,2,0,1,0,0,0,7,0,0,0,26,4.04,30.1,
Benintendi, Andrew,643217,2017,5,20,5,0,0,0,0,0,16,4,0,0,3,4.21,28.3,
Brault, Steven,643230,2017,0,0,0,0,0,0,0,0,0,0,0,0,,,23.9,
Cooper, Garrett,643265,2017,0,0,0,0,0,0,0,0,0,0,0,0,,,27.6,
Godley, Zack,643327,2017,0,0,0,0,0,0,0,0,0,0,0,0,,,26.9,
Granite, Zack,643335,2017,2,2,2,0,0,0,0,0,2,0,0,0,11,4.08,28.9,
Kemp, Tony,643393,2017,0,1,0,0,0,0,0,0,1,0,0,0,,,26.7,
Leiter Jr., Mark,643410,2017,0,0,0,0,0,0,0,0,0,0,0,0,,,23.4,
Tauchman, Mike,643565,2017,2,1,2,0,0,1,0,0,1,0,0,1,,,28.4,
White, Tyler,643603,2017,1,0,1,0,0,0,0,0,0,0,0,0,,,26.7,
Albies, Ozzie,645277,2017,1,8,1,0,0,1,0,0,7,1,0,1,10,4.16,28.7,
Robles, Victor,645302,2017,1,0,1,0,0,0,0,0,0,0,0,0,12,,30.9,
Devers, Rafael,646240,2017,1,3,1,0,0,1,0,0,2,1,0,1,,4.27,27.9,
Diaz, Aledmys,649557,2017,1,4,1,0,0,1,0,0,3,1,0,1,,4.2,28.6,
Diaz, Yandy,650490,2017,0,2,0,0,0,0,0,0,2,0,0,0,,4.38,27.5,
Allen, Greg,656185,2017,0,1,0,0,0,0,0,0,1,0,0,0,5,,28.7,
Chapman, Matt,656305,2017,3,0,2,1,0,1,0,1,0,0,0,2,1,4.34,28.7,
Hoffman, Jeff,656546,2017,0,0,0,0,0,1,0,0,0,0,0,1,,,25.8,
Hoskins, Rhys,656555,2017,0,2,0,0,0,0,0,0,2,0,0,0,,4.49,26.1,
Luplow, Jordan,656669,2017,1,0,1,0,0,0,0,0,0,0,0,0,,4.37,28.2,
Newcomb, Sean,656794,2017,0,0,0,0,0,0,0,0,0,0,0,0,,,22.1,
Schwarber, Kyle,656941,2017,1,1,0,1,0,0,0,0,1,0,0,0,,4.32,26.9,
Verdugo, Alex,657077,2017,1,0,1,0,0,1,0,0,0,0,0,1,,,24.3,
Zagunis, Mark,657145,2017,0,2,0,0,0,0,0,0,2,0,0,0,,,28.2,
DeJong, Paul,657557,2017,0,1,0,0,0,0,0,0,1,0,0,0,,4.31,28.4,
Lamet, Dinelson,659275,2017,0,0,0,0,0,0,0,0,0,0,0,0,,,26.4,
Moncada, Yoan,660162,2017,2,3,2,0,0,0,0,0,3,0,0,0,9,4.22,28.9,
Happ, Ian,664023,2017,4,8,4,0,0,1,0,0,8,0,0,1,3,4.19,28.9,
Bader, Harrison,664056,2017,1,2,1,0,0,0,0,0,2,0,0,0,16,4.08,30.1,
Stevenson, Andrew,664057,2017,0,1,0,0,0,0,0,0,1,0,0,0,7,4.11,29.2,
Hwang, Jae-Gyun,666561,2017,0,0,0,0,0,0,0,0,0,0,0,0,,4.32,28.4,
Hays, Austin,669720,2017,0,0,0,0,0,0,0,0,0,0,0,0,,4.23,28.9,